question,correct_answer,wrong_answer_1,wrong_answer_2,wrong_answer_3
What colour is the female blackbird?,Brown,kjfkldjsfk,fcbch,Brown
How many legs do butterflies have?,6,0,6,4
What do you call a baby bat?,Pup,Cub,Chick,Pup
What is the fastest land animal?,Cheetah,Pronghorn Antelope,Cheetah,Lion
Which class of animals are newts members of?,Amphibian,Fish,Reptiles,Mammals
Who painted The Starry Night?,Vincent van Gogh,Michelangelo,Leonardo da Vinci,Pablo Picasso
Who painted the Mona Lisa?,Leonardo da Vinci,Pablo Picasso,Leonardo da Vinci,Claude Monet
By what name is Carlos Estevez better known?,Charlie Sheen,Bruno Mars,Joaquin Phoenix,Ricky Martin
Gwyneth Paltrow has a daughter named...?,Apple,Dakota,Apple,French
Aubrey Graham is better known as,Drake,Drake,2 Chainz,Lil Wayne
Which actress married Michael Douglas in 2000?,Catherine Zeta-Jones,Ruth Jones,Catherine Zeta-Jones,Pam Ferris
How many spaces are there on a standard Monopoly board?,40,40,28,55
How many dice are used in the game of Yahtzee?,Five,Four,Six,Eight
Carcassonne is based on which French town?,Carcassonne,Marseille,Clermont-Ferrand,Paris
Which is NOT a book in the Harry Potter Series?,The House Elf,The Deathly Hallows,The Prisoner of Azkaban,The House Elf
"George Orwell wrote this book, which is often considered a statement on government oversight.",1984,Catcher and the Rye,1984,The Old Man and the Sea
"In Romance of the Three Kingdoms, who was not a member of the Peach Garden Oath?",Zhao Yun,Liu Bei,Zhao Yun,Guan Yu
How many Harry Potter books are there?,7,8,5,6
What was the first Disney movie to use CGI?,The Black Cauldron,The Black Cauldron,Toy Story,Fantasia
Who is the only voice actor to have a speaking part in all of the Disney Pixar feature films?,John Ratzenberger,Geoffrey Rush,Dave Foley,John Ratzenberger
Which Teenage Mutant Ninja Turtle traditionally wears an orange bandana?,Michelangelo,Michelangelo,Raphael,Donatello
"Butters Stotch, Pip Pirrup, and Wendy Testaburger are all characters in which long running animated TV series?",South Park,Family Guy,The Simpsons,Bob&#039;s Burgers
Which one of these superhero teams appears in the Invincible comics?,Guardians of the Globe,Teenage Mutant Ninja Turtles,Justice League,Guardians of the Globe
Who plays Alice in the Resident Evil movies?,Milla Jovovich,Milla Johnson,Madison Derpe,Milla Jovovich
What was the first monster to appear alongside Godzilla?,Anguirus,Anguirus,Mothra,King Kong
"Who is the main protagonist in, the 1985 film, Back to the Future?",Marty McFly,Biff Tannen,Emmett &quot;Doc&quot; Brown,George McFly
The Queen song `A Kind Of Magic` is featured in which 1986 film?,Highlander,Flash Gordon,Labyrinth,Howard the Duck
"In the movie Gremlins, after what time of day should you not feed Mogwai?",Midnight,Morning,Evening,Afternoon
Where does the original Friday The 13th movie take place?,Camp Crystal Lake,Camp Forest Green,Higgins Haven,Camp Crystal Lake
What name did Tom Hanks give to his volleyball companion in the film `Cast Away`?,Wilson,Friday,Jones,Wilson
"What was the title of the first Bond movie, released in 1962?",Dr. No,Goldfinger,Thunderball,From Russia with Love
Who plays the character of Po in the Kung Fu Panda movies?,Jack Black,Jim Petersson,Jack Black,McConahey Ramses
Which movie includes a giant bunny-like spirit who has magic powers including growing trees?,My Neighbor Totoro,Alice in Wonderland,Rise of the Guardians,Hop
What is not a wind instrument?,Viola,Duduk,Trombone,Oboe
How many members are there in the band Nirvana?,Three,Two,Four,Three
Which brass instrument has the lowest pitch in an orchestra?,Tuba,Trumpet,Tuba,Saxophone
Which of the following is not a studio album by the band Pink Floyd?,Moving Pictures,The Dark Side of the Moon,Moving Pictures,Animals
Which of these songs by Skrillex features Fatman Scoop as a side artist?,Recess,Rock N Roll (Will Take You to the Mountain),All is Fair in Love and Brostep,Scary Monsters and Nice Sprites
Who is the lead singer of the British pop rock band Coldplay?,Chris Martin,Will Champion,Guy Berryman,Chris Martin
Which of these is the name of a song by Tears for Fears?,Shout,Shriek,Yell,Shout
Brian May was the guitarist for which band?,Queen,Pink Floyd,Queen,Rolling Stones
What is the name of the album released in 2014 by American band Maroon 5?,V,IV,III,V
Who is the lead singer of Green Day?,Billie Joe Armstrong,Sean Hughes,Billie Joe Armstrong,Mike Dirnt
"The band Muse released their first album, Showbiz, in what year?",1999,1999,2001,2000
Who is the lead singer of Arctic Monkeys?,Alex Turner,Jamie Cook,Alex Turner,Nick O&#039;Malley
Which of these is NOT the name of an album released by English singer-songwriter Adele?,12,19,12,21
What album did Bon Iver release in 2016?,"22, A Million","Bon Iver, Bon Iver",Blood Bank EP,"For Emma, Forever Ago"
Where does the Mac part of the name Fleetwood Mac come from?,John McVie,David Tennant,Mac McAnally,John McVie
How many plays is Shakespeare generally considered to have written?,37,25,37,54
Which of these Bojack Horseman characters is a human?,Todd Chavez,Tom Jumbo-Grumbo,Lennie Turtletaub,Todd Chavez
Which of these Disney shows is classified as an anime?,Stitch!,Cory in the House,The Emperor&#039;s New School,Stitch!
What was the name of the the first episode of Doctor Who to air in 1963?,An Unearthly Child,The Daleks,An Unearthly Child,The Aztecs
"In Game of Thrones, what continent lies across the Narrow Sea from Westeros?",Essos,Easteros,Westereast,Esuntos
"In the Star Trek universe, what color is Vulcan blood?",Green,Green,Blue,Red
What country is Cory in the House set in?,The United States of America,The United States of America,England,Venezuala
Who won Big Brother 2014 UK?,Helen Wood,Helen Wood,Christopher Hall,Pauline Bennett
When did the TV show Rick and Morty first air on Adult Swim?,2013,2013,2014,2016
"In the show, Doctor Who, what does T.A.R.D.I.S stand for?",Time And Relative Dimensions In Space,Time And Resting Dimensions In Space,Time And Relative Dimensions In Style,Toilet Aid Rope Dog Is Soup
Who is the star of the AMC series Breaking Bad?,Walter White,Walter White,Saul Goodman,Jesse Pinkman
Which eSports team came first place in The International Dota 2 Championship 2016?,Wings Gaming,Fnatic,Digital Chaos,Wings Gaming
What is the name of a popular franchise that includes placing blocks down and surviving in an open world?,Minecraft,Minecraft,Grand Theft Auto V,Unturned
Which company did Gabe Newell work at before founding Valve Corporation?,Microsoft,Microsoft,Apple,Google
"In most FPS video games such as Counter-Strike, shooting which part of the body does the highest damage?",Head,Arm,Leg,Chest
When was Minecraft first released to the public?,"May 17th, 2009","October 7th, 2011","May 17th, 2009","November 18th, 2011"
Which Final Fantasy game consisted of a female-only cast of party members?,Final Fantasy X-2,Final Fantasy IX,Final Fantasy V,Final Fantasy X-2
Who was the voice actor for Snake in Metal Gear Solid V: The Phantom Pain?,Kiefer Sutherland,David Hayter,Norman Reedus,Kiefer Sutherland
Which student in Yandere Simulator is known for asking irritating and stupid questions?,Midori Gurin,Pipi Osu,Oka Ruto,Midori Gurin
What company develops the Rock Band series of rhythm games?,Harmonix,Activision,Konami,Electronic Arts
"Which of the following Pokemon Types was present in the original games, Red and Blue?",Ice,Steel,Fairy,Dark
"What Ultimate does Makoto Naegi, protagonist of Danganronpa: Trigger Happy Havoc, have?",Ultimate Lucky Student,Ultimate Runner,Ultimate Detective,Ultimate Lucky Student
What Nationality is D.Va from Overwatch?,Korean,Japanese,Korean,Chinese
Who stars in Brutal Legend?,Jack Black,Ozzy Osbourne,Jack Black,Kanye West
What is the title of song on the main menu in Halo?,Halo,Halo,Opening Suite,Suite Autumn
How many differently shaped Tetris pieces are there?,7,7,5,6
In what year was Hearthstone released?,2014,2013,2014,2011
Who is the leader of the Brotherhood of Nod in the Command and Conquer series?,Kane,CABAL,Joseph Stalin,Kane
Which of the following is NOT a Nintendo game console?,Dreamcast,Switch,Wii,SNES
Which of these characters is the mascot of the video game company SEGA?,Sonic the Hedgehog,Dynamite Headdy,Alex Kidd,Sonic the Hedgehog
"Which popular First Person Shooter (FPS) franchise, got a Real Time Strategy (RTS) game developed based on its universe?",Halo,Battlefield,Call of Duty,Halo
Which of these is NOT a map included in the game Counter-Strike: Global Offensive?,Oilrig,Oilrig,Cache,Mirage
Rincewind from the 1995 Discworld game was voiced by which member of Monty Python?,Eric Idle,John Cleese,Terry Gilliam,Eric Idle
"In Portal 2, how did CEO of Aperture Science, Cave Johnson, presumably die?",Moon Rock Poisoning,Moon Rock Poisoning,Slipped in the shower,Accidentally sending a portal to the Moon
"In the Super Smash Bros. series, which character was the first one to return to the series after being absent from a previous game?",Dr. Mario,Roy,Lucas,Dr. Mario
"Which Sonic the Hedgehog game was originally supposed to be packaged with Sonic 3, but was cut in half due to time constraints?",Sonic &amp; Knuckles,Sonic 2,Sonic CD,Sonic 3D Blast
How many flagship monsters appear in Monster Hunter Gernerations?,4,2,1,4
What minimum level in the Defence skill is needed to equip Dragon Armour in the MMO RuneScape?,60,60,65,55
Who is the creator of Touhou project?,Zun,Zun,Tasofro,Twilight Frontier
In which series of games do you collect souls to empower you and buy weaponry and armor with?,Souls,The Legend of Zelda,Monster Hunter,Final Fantasy
"Half-Life by Valve uses the GoldSrc game engine, which is a highly modified version of what engine?",Quake Engine,Source Engine,id Engine,Doom Engine
Rocket League is a game which features..,Cars,Submarines,Cars,Helicopters
What is the name of the City in Saints Row The Third?,Steelport,Stilwater,Steelport,Carcer
"The Khajiit are a race of cat-like creatures from which epic series of role-playing games, set across the land of Tamriel?",The Elder Scrolls,Lord of the Rings,The Witcher,The Elder Scrolls
Aperture Science CEO Cave Johnson is voiced by which American actor?,J.K. Simmons,Nolan North,J.K. Simmons,John Patrick Lowrie
In World of Warcraft the default UI color that signifies Druid is what?,Orange,Brown,Blue,Orange
Gordon Freeman is said to have burnt and destroyed what food in the break room microwave?,Casserole,Casserole,Pepperoni Pizza,Chicken Soup
Which Animal Crossing game was for the Nintendo Wii?,Animal Crossing: City Folk,Animal Crossing: Population Growing!,Animal Crossing: Wild World,Animal Crossing: New Leaf
"In Super Mario Bros., who informs Mario that the princess is in another castle?",Toad,Toad,Luigi,Yoshi
"In Final Fantasy XIV, what is the name of the Deep Dungeon that was introduced in the expansion pack, Heavensward?",Palace of the Dead,Sunken Temple of Qarn,Aetherochemical Research Facility,Heaven on High
Who is the main character of the game Half-Life: Opposing Force?,Adrian Shephard,Adrian Shephard,Gordon Freeman,Alyx Vance
"In the video game, Half-life, what event started the Half-life universe as we know today?",The Resonance Cascade,The Black Mesa Nuke,The Resonance Cascade,The Xen Attack
Which Grand Theft Auto (GTA) games have the same setting?,GTA V and GTA San Andreas,GTA V and GTA San Andreas,GTA V and GTA Vice City,GTA IV and GTA San Andreas
Who is the main protagonist in the game Life is Strange: Before The Storm?,Chloe Price,Max Caulfield,Rachel Amber,Chloe Price
The starting pistol of the Terrorist team in a competitive match of Counter Strike: Global Offensive is what?,Glock-18,Dual Berretas,Glock-18,Desert Eagle
What is the most expensive weapon in Counter-Strike: Global Offensive?,Scar-20/G3SG1,M4A1,AWP,R8 Revolver
Which character was introduced to the Super Smash Bros franchise in Super Smash Bros Melee?,Sheik,Sheik,Samus,Lucas
Who is the protagonist in Dead Rising (2006)?,Frank West,Jason Grey,John North,Frank West
Which of these is NOT a Humongous Entertainment game franchise?,Commander Keen,Commander Keen,Putt-Putt,Pajama Sam
Valve Corporation is an American video game developer located in which city?,"Bellevue, Washington","Bellevue, Washington","Austin, Texas","San Francisco, California"
Who created the digital distribution platform Steam?,Valve,Electronic Arts,Valve,Pixeltail Games
What year was Super Mario Bros. released?,1985,1987,1986,1983
"In Dota 2, Wraith King was previously known as...",Skeleton King,Hell King,Skull King,Skeleton King
Which of the following is not a character in the video game Doki Doki Literature Club?,Nico,Monika,Natsuki,Nico
The most graphically violent game to precede the creation of the ESRB (Entertainment Software Rating Board) was...,Mortal Kombat,Doom,Mortal Kombat,Resident Evil
What is the name of the main healing item in Dark Souls?,Estus Flask,Orange Juice,Estus Flask,Health Potion
What war is Call Of Duty: Black Ops based on?,Cold War,Cold War,WW3,Vietnam
What is the name of the largest planet in Kerbal Space Program?,Jool,Jool,Minmus,Kerbol
Which Nintendo 64 game did NOT have Luigi in it?,Super Mario 64,Mario Party 2,Paper Mario,Super Mario 64
What ingredients are required to make a cake in Minecraft?,"Milk, Sugar, Egg, and Wheat","Milk, Bread, Egg, and Wheat","Milk, Sugar Cane, Egg, and Wheat","Milk, Sugar, and Wheat"
"In the game Battleblock Theater, what was the name of the voice actor who voiced the narrator?",Will Stamper,Will Stamper,Richard Epcar,Yuri Lowenthal
What is the homeworld of the Elites from Halo?,Sanghelios,Te,Doisac,Sanghelios
What was the name of the canceled projected by Blizzard Entertainment that would be later become Overwatch?,Titan,Titan,Ghost,Omega
"In Splatoon 2, who are the members of Off The Hook?",Pearl &amp; Marina,Pearl &amp; Marina,Callie &amp; Marie,Diamond &amp; Aquamarina
"In Divinity: Original Sin II, what is the name of the skeletal origin character?",Fane,Lohse,Fane,The Red Prince
Which of 2 Valve Games are set in the same universe?,Half-life and Portal,Half-life and Counter Strike,Half-life and Portal,Portal and Left 4 Dead
The name of the Metroid series comes from what?,An enemy in the game,An enemy in the game,The main character&#039;s name,The final boss&#039;s name
In which fast food chain can you order a Jamocha Shake?,Arby&#039;s,Wendy&#039;s,Burger King,McDonald&#039;s
What is the Zodiac symbol for Gemini?,Twins,Fish,Twins,Scales
What zodiac sign is represented by a pair of scales?,Libra,Libra,Aries,Capricorn
Which of the following blood component forms a plug at the site of injuries?,Platelets,Red blood cells,White blood cells,Platelets
Which sign of the zodiac is represented by the Crab?,Cancer,Virgo,Cancer,Libra
Which American-owned brewery led the country in sales by volume in 2015?,"D. G. Yuengling and Son, Inc",Miller Coors,Boston Beer Company,Anheuser Busch
What is the shape of the toy invented by Hungarian professor Ern�� Rubik?,Cube,Sphere,Cylinder,Pyramid
What is the first book of the Old Testament?,Genesis,Numbers,Leviticus,Genesis
Which candy is NOT made by Mars?,Almond Joy,Snickers,Twix,Almond Joy
Which of the following presidents is not on Mount Rushmore?,John F. Kennedy,Theodore Roosevelt,John F. Kennedy,Abraham Lincoln
The likeness of which president is featured on the rare $2 bill of USA currency?,Thomas Jefferson,Ulysses Grant,Martin Van Buren,John Quincy Adams
How would one say goodbye in Spanish?,Adi&oacute;s,Salir,Adi&oacute;s,Hola
Which of these colours is NOT featured in the logo for Google?,Pink,Yellow,Pink,Blue
Five dollars is worth how many nickles?,100,69,50,25
How many furlongs are there in a mile?,Eight,Six,Four,Eight
What kind of aircraft was developed by Igor Sikorsky in the United States in 1942?,Helicopter,Stealth Blimp,Helicopter,Space Capsule
What does a funambulist walk on?,A Tight Rope,Balls,Broken Glass,A Tight Rope
Who is depicted on the US hundred dollar bill?,Benjamin Franklin,George Washington,Thomas Jefferson,Abraham Lincoln
Earth is located in which galaxy?,The Milky Way Galaxy,The Milky Way Galaxy,The Black Hole,The Galaxy Note
"When someone is cowardly, they are said to have what color belly?",Yellow,Red,Yellow,Blue
How many colors are there in a rainbow?,7,7,9,8
When someone is inexperienced they are said to be what color?,Green,Green,Yellow,Blue
Which of the following card games revolves around numbers and basic math?,Uno,Munchkin,Uno,Twister
What geometric shape is generally used for stop signs?,Octagon,Hexagon,Circle,Triangle
What are Panama hats made out of?,Straw,Straw,Silk,Hemp
What is the Capital of the United States?,"Washington, D.C.","Washington, D.C.","Los Angelas, CA","New York City, NY"
The Space Needle is located in which city?,Seattle,Vancouver,Seattle,Los Angles
All of the following are classified as Finno-Ugric languages EXCEPT:,Samoyedic,Finnish,Hungarian,Samoyedic
What is the Polish city known to Germans as Danzig?,Gda��sk,Pozna��,Warsaw,Gda��sk
What country is the second largest in the world by area?,Canada,Russia,China,Canada
What is the official language of Costa Rica?,Spanish,Creole,Portuguese,English
What country has a horizontal bicolor red and white flag?,Monaco,Monaco,Liechenstein,Malta
Which city is the capital of the United States of America?,Washington D.C,Albany,Seattle,Washington D.C
What is the capital of Spain?,Madrid,Barcelona,Sevilla,Madrid
Which country was NOT part of the Soviet Union?,Romania,Belarus,Romania,Turkmenistan
Which of the following Arab countries does NOT have a flag containing only Pan-Arab colours?,Qatar,Jordan,United Arab Emirates,Kuwait
Greenland is a part of which kingdom?,Denmark,Sweden,Denmark,Norway
What is Laos?,Country,City,Region,Country
Which of the following languages does NOT use the Latin alphabet?,Georgian,Georgian,Vietnamese,Swahili
What name was historically used for the Turkish city currently known as Istanbul?,Constantinople,Constantinople,S&ouml;��&uuml;t,H&uuml;davendigar
Which US state has the highest population?,California,Texas,California,New York
What is the capital of Jamaica?,Kingston,San Juan,Kingston,Port-au-Prince
Which country does Austria not border?,France,Slovakia,France,Switzerland
Which country is the home of the largest Japanese population outside of Japan?,Brazil,The United States,Russia,Brazil
What is the capital of Scotland?,Edinburgh,Edinburgh,Glasgow,Dundee
What is the capital of Indonesia?,Jakarta,Jakarta,Palembang,Medan
Which of the following former Yugoslavian states is landlocked?,Serbia,Serbia,Bosnia and Herzegovina,Montenegro
Which Russian oblast forms a border with Poland?,Kaliningrad,Samara,Kaliningrad,Omsk
What is the capital of Denmark?,Copenhagen,Copenhagen,Aarhus,Aalborg
The longest shared border in the world can be found between which two nations?,Canada and the United States,Canada and the United States,India and Pakistan,Russia and China
What does the United States of America celebrate during the 4th of July?,The signing of the Declaration of Independence,The crossing of the Delaware River,The ratification of the Constitution,The signing of the Declaration of Independence
Who rode on horseback to warn the Minutemen that the British were coming during the U.S. Revolutionary War?,Paul Revere,Thomas Paine,Nathan Hale,Henry Longfellow
The idea of Socialism was articulated and advanced by whom?,Karl Marx,Karl Marx,Vladimir Lenin,Joseph Stalin
Which one of these tanks was designed and operated by the United Kingdom?,Tog II,Tiger H1,Tog II,M4 Sherman
The Ottoman Empire was dissolved after their loss in which war?,World War I,Crimean War,Second Balkan War,World War I
In which year did the Invasion of Kuwait by Iraq occur?,1990,1990,1988,1992
Which of these countries remained neutral during World War II?,Switzerland,Switzerland,United Kingdom,France
The collapse of the Soviet Union took place in which year?,1991,1990,1992,1991
Which modern day country is the region that was known as Phrygia in ancient times?,Turkey,Turkey,Syria,Greece
How many manned moon landings have there been?,6,6,7,3
"In 1720, England was in massive debt, and became in involved in the South Sea Bubble. Who was the main mastermind behind it?",John Blunt,John Churchill,John Blunt,Robert Harley
"In 1453, which important city fell?",Constantinople,Rome,Constantinople,Hamburg
How long did World War II last?,6 years,4 years,5 years,6 years
When was Google founded?,4-Sep-98,9-Oct-97,12-Dec-89,4-Sep-98
These two countries held a commonwealth from the 16th to 18th century.,Poland and Lithuania,Bangladesh and Bhutan,Poland and Lithuania,North Korea and South Korea
"Who was among those killed in the 2010 Smolensk, Russia plane crash tragedy?",The Polish President,Pope John Paul II,Albert Putin,Bang-Ding Ow
How was Socrates executed?,Poison,Crucifixion,Firing squad,Poison
Which of the following countries was not an axis power during World War II?,Soviet Union,Soviet Union,Italy,Germany
On what street did the 1666 Great Fire of London start?,Pudding Lane,St Paul&#039;s Cathedral,Pudding Lane,Houses of Parliament
"In most traditions, who was the wife of Zeus?",Hera,Hestia,Aphrodite,Athena
Which figure from Greek mythology traveled to the underworld to return his wife Eurydice to the land of the living?,Orpheus,Hercules,Perseus,Daedalus
The ancient Roman god of war was commonly known as which of the following?,Mars,Mars,Jupiter,Juno
"Who in Greek mythology, who led the Argonauts in search of the Golden Fleece?",Jason,Castor,Jason,Odysseus
Who was the King of Gods in Ancient Greek mythology?,Zeus,Apollo,Hermes,Poseidon
Who was the 45th President of the United States?,Donald Trump,Barack Obama,Bill Clinton,George Bush
Which of the following Pacific Islander countries is ruled by a constitutional monarchy?,Tonga,Kiribati,Fiji,Palau
"According to the United States Constitution, how old must a person be to be elected President of the United States?",35,30,40,35
How many people are in the U.S. House of Representatives?,435,50,435,260
What is the unit of electrical resistance?,Ohm,Mho,Tesla,Ohm
What is the elemental symbol for mercury?,Hg,Hg,Me,Mc
What is the primary addictive substance found in tobacco?,Nicotine,Glaucine,Cathinone,Nicotine
How many planets are in our Solar System?,Eight,Eight,Ten,Seven
Which type of rock is created by intense heat AND pressure?,Metamorphic,Sedimentary,Metamorphic,Igneous
How many chromosomes are in your body cells?,23,24,22,23
Which of these bones is hardest to break?,Femur,Tibia,Humerus,Femur
Which Apollo mission was the first one to land on the Moon?,Apollo 11,Apollo 13,Apollo 9,Apollo 11
What is the largest animal currently on Earth?,Blue Whale,Giraffe,Blue Whale,Colossal Squid
The human heart has how many chambers?,4,4,6,2
What name is given to all baby marsupials?,Joey,Joey,Pup,Calf
Who is the chemical element Curium named after?,Marie &amp; Pierre Curie,The Curiosity Rover,Curious George,Marie &amp; Pierre Curie
What is the speed of light in a vacuum?,"299,792,458 m/s","299,792,458 m/s","751,665,014,151 m/s","308,215,043 m/s"
Which of these Elements is a metalloid?,Antimony,Tin,Bromine,Antimony
How many bones are in the human body?,206,200,209,206
Which is the longest bone in the human body?,Femur,Scapula,Fibula,Ulna
What is the first element on the periodic table?,Hydrogen,Lithium,Oxygen,Helium
The medical term for the belly button is which of the following?,Umbilicus,Paxillus,Umbilicus,Nares
What lies at the center of our galaxy?,A black hole,A wormhole,A black hole,A supernova
How many values can a single byte represent?,256,1024,256,8
How many kilobytes in one gigabyte (in decimal)?,1000000,1000,1000000,1024
How long is an IPv6 address?,128 bits,32 bits,128 bits,128 bytes
HTML is what type of language?,Markup Language,Macro Language,Programming Language,Scripting Language
Which computer hardware device provides an interface for all other connected devices to communicate?,Motherboard,Central Processing Unit,Hard Disk Drive,Motherboard
What is the most preferred image format used for logos in the Wikimedia database?,.svg,.png,.svg,.jpeg
What amount of bits commonly equals one byte?,8,64,1,8
What is the domain name for the country Tuvalu?,.tv,.tv,.tl,.tt
"In computing, what does LAN stand for?",Local Area Network,Land Address Navigation,Light Access Node,Long Antenna Node
What does LTS stand for in the software market?,Long Term Support,Long Taco Service,Ludicrous Turbo Speed,Ludicrous Transfer Speed
"Which company was established on April 1st, 1976 by Steve Jobs, Steve Wozniak and Ronald Wayne?",Apple,Commodore,Atari,Apple
This mobile OS held the largest market share in 2012.,iOS,iOS,BlackBerry,Android
When was the iPhone released?,2007,2007,2005,2006
Which buzzword did Apple Inc. use to describe their removal of the headphone jack?,Courage,Bravery,Courage,Revolution
When was the Tamagotchi digital pet released?,1996,1990,1996,1992
How many sides does a heptagon have?,7,7,6,5
How many soccer players should be on the field at the same time?,22,26,22,24
Which team won the 2015-16 English Premier League?,Leicester City,Manchester United,Cheslea,Liverpool
"In bowling, what is the term used for getting three consecutive strikes?",Turkey,Turkey,Eagle,Birdie
Who won the 2015 Formula 1 World Championship?,Lewis Hamilton,Sebastian Vettel,Nico Rosberg,Jenson Button
Which team won 2014 FIFA World Cup in Brazil?,Germany,Germany,Netherlands,Brazil
Who did Steven Gerrard win the Champions League with?,Liverpool,Man City,Liverpool,Real Madrid
Which country has hosted the 2018 FIFA World Cup?,Russia,Russia,Saudi Arabia,United States
What was the final score of the Germany vs. Brazil 2014 FIFA World Cup match?,1-Jul,16 - 0,1-Jul,4-Mar
"In Baseball, how many times does the ball have to be pitched outside of the strike zone before the batter is walked?",4,1,4,2
What year did the New Orleans Saints win the Super Bowl?,2010,2008,2009,2010
"In the 2014 FIFA World Cup, what was the final score in the match Brazil - Germany?",7-Jan,6-Jan,5-Jan,6-Feb
When was the FC Schalke 04 founded?,1904,1909,1904,1999
Which of the following car manufacturers had a war named after it?,Toyota,Honda,Toyota,Ford
Which of these companies does NOT manufacture motorcycles?,Toyota,Toyota,Yamaha,Kawasaki
What country was the Trabant 601 manufactured in?,East Germany,Hungary,East Germany,Soviet Union
Jaguar Cars was previously owned by which car manfacturer?,Ford,Fiat,Ford,General Motors
Which of the following collision avoidance systems helps airplanes avoid colliding with each other?,TCAS,TCAS,GPWS,OCAS
Automobiles produced by Telsa Motors operate on which form of energy?,Electricity,Gasoline,Nuclear,Diesel
What bird is born with claws on its wing digits?,Hoatzin,Cormorant,Cassowary,Hoatzin
What scientific family does the Aardwolf belong to?,Hyaenidae,Felidae,Eupleridae,Canidae
How many known living species of hyenas are there?,4,6,4,2
What is the name of the copper-rich protein that creates the blue blood in the Antarctic octopus?,Hemocyanin,Cytochrome,Iron,Methionine
What is the collective noun for vultures?,Wake,Building,Ambush,Gaze
"Unlike on most salamanders, this part of a newt is flat?",Tail,Head,Teeth,Feet
What type of creature is a Bonobo?,Ape,Parrot,Wildcat,Ape
Which of these is not an additional variation of the color purple?,Kobicha,Byzantium,Kobicha,Pomp and Power
What French sculptor designed the Statue of Liberty?,Fr&eacute;d&eacute;ric Auguste Bartholdi,Jean-L&eacute;on G&eacute;r&ocirc;me,Henri Matisse,Fr&eacute;d&eacute;ric Auguste Bartholdi
The eccentric natural philosopher Tycho Brahe kept what as a pet?,Moose,Dog,Bear,Moose
"Which school in Surrey, England did Steve Backshall attend?",Collingwood College,Lyndhurst School,Collingwood College,Tomlinscote School
Gabe Newell was born in which year?,1962,1972,1960,1962
"In the Beatrix Potter books, what type of animal is Tommy Brock?",Badger,Rabbit,Frog,Fox
"In the Harry Potter universe, who does Draco Malfoy end up marrying?",Astoria Greengrass,Millicent Bulstrode,Astoria Greengrass,Hermione Granger
"In which classic novel by Mark Twain did a beggar and Prince of Wales switch clothes, and learn about social class inequality?",The Prince and the Pauper,Hamlet,Wealthy Boy and the Schmuck,A Modern Twain Story
Which of the following is NOT a work done by Shakespeare?,Trial of Temperance,Trial of Temperance,Measure For Measure,Cymbeline
Abel Magwitch is a character from which Charles Dickens novel?,Great Expectations,Oliver Twist,Nicholas Nickleby,Great Expectations
"In the web-comic Homestuck, what is the name of the game the 4 kids play?",Sburb,Sburb,Homesick,Husslie
Which pulp hero made appearances in Hellboy and BPRD comics before getting his own spin-off?,Lobster Johnson,The Wendigo,Lobster Johnson,The Spider
"In 1978, Superman teamed up with what celebrity, to defeat an alien invasion?",Muhammad Ali,Sylvester Stallone,Mike Tyson,Arnold Schwarzenegger
"When Batman trolls the online chat rooms, what alias does he use?",JonDoe297,BWayne13,iAmBatman,JonDoe297
In what Homestuck Update was [S] Game Over released?,"October 25th, 2014","April 13th, 2009","October 25th, 2014","April 8th, 2012"
What are the Three Virtues of Bionicle?,"Unity, Duty, Destiny","Unity, Duty, Destiny","Work, Play, Live","Build, Play, Change"
What was the first movie to ever use a Wilhelm Scream?,Distant Drums,Indiana Jones,Treasure of the Sierra Madre,The Charge at Feather River
Which boxer was famous for striking the gong in the introduction to J. Arthur Rank films?,Bombardier Billy Wells,Freddie Mills,Don Cockell,Terry Spinks
What was the last Marx Brothers film to feature Zeppo?,Duck Soup,Monkey Business,A Day at the Races,Duck Soup
"In the Friday The 13th series, what year did Jason drown in?",1957,1953,1955,1957
Who was the original drummer for The Beatles?,Tommy Moore,Ringo Starr,Stuart Sutcliffe,Pete Best
Which of these aliases has NOT been used by electronic musician Aphex Twin?,Burial,Caustic Window,Bradley Strider,GAK
Pamina and Papageno are characters in what Mozart opera?,The Magic Flute,The Magic Flute,The Marriage of Figaro,The Impresario
Which lyric is about Red Hot Chili Peppers frontman Anthony Kiedis?,&quot;A rainy Lithuanian / Is dancing as an Indian&quot;,"&quot;Fly away on, my zephyr / I feel it more than ever&quot;",&quot;And I liked the dimple in your chin / Your pale blue eyes&quot;,&quot;A rainy Lithuanian / Is dancing as an Indian&quot;
Artis Leon Ivey Jr. is better known as which rap artist?,Coolio,Dr Dre,Coolio,Snoop Dogg
The key of sharps does the key of G# minor contain?,5,5,3,7
Who won the 1989 Drum Corps International championships?,Santa Clara Vanguard,Blue Devils,The Academy,The Bluecoats
A Caixa Malacacheta is what kind of musical instrument which is commonly used in Latin American music?,Snare Drum,Maraca,Cow Bell,Snare Drum
Which of the following is NOT a real song from the band Thousand Foot Krutch?,Limitless Fury,Limitless Fury,Let The Sparks Fly,Down
What was the name of the rock band that Nobuo Uematsu formed that played songs from various Final Fantasy games?,The Black Mages,The Rock Summoners,The Black Mages,The Final Fantasies
What is the name of the 2016 mixtape released by Venezuelan electronic producer Arca?,Entra&ntilde;as,Xen,&amp;&amp;&amp;&amp;&amp;&amp;,Entra&ntilde;as
Chino Moreno is the lead singer of which alternative metal band?,Deftones,Type O Negative,Korn,Deftones
"This album, now considered to be one of the greatest of all time, was a commercial failure when it was released.",The Velvet Underground and Nico,Abbey Road,Led Zeppelin IV,The Velvet Underground and Nico
Which member of the Wu-Tang Clan had only one verse in their debut album Enter the Wu-Tang (36 Chambers)?,Masta Killa,Masta Killa,GZA,Inspectah Deck
What was the last Aphex Twin album released before his decade-long hiatus?,Drukqs,Collected Ambient Works 85-92,Syro,Drukqs
Which Death Grips album is the only one to feature a band member?,No Love Deep Web,No Love Deep Web,Bottomless Pit,The Money Store
"What was the name of the cold-war singer who has a song in Grand Theft Auto IV, and a wall landmark in Moscow for his memorial?",Viktor Tsoi,Vladimir Vysotsky,Brian Jones,Jimi Hendrix
Where was Nicki Minaj born?,Trinidad and Tobago,Trinidad and Tobago,Grenada,Saint Lucia
"After England, more Shakespeare plays are set in this present day country than in any other.",Italy,United States,Greece,France
Which of these plays was famously first performed posthumously after the playwright committed suicide?,4.48 Psychosis,4.48 Psychosis,The Birthday Party,Hamilton
Which of these in the Star Trek series is NOT Klingon food?,Hors d&#039;oeuvre,Bloodwine,Hors d&#039;oeuvre,Racht
What was the date of original airing of the pilot episode of My Little Pony: Friendship is Magic?,"October 10th, 2010","November 6th, 2010","May 18th, 2015","April 14th, 1984"
"In season one of the US Kitchen Nightmares, Gordan Ramsay tried to save 10 different restaurants. How many ended up closing afterwards?",9,0,3,9
Which game was exclusive to Dreamcast?,Pen Pen TriIcelon,Sylvester &amp; Tweety in Cagey Capers,Perfect Dark,Tetrisphere
Which retro video game was released first?,Space Invaders,Asteroids,Galaga,Pac-Man
What is the name of the alien species introduced in Shadow the Hedgehog (2005)?,Black Arms,The Swarm,The Eclipse,Black Hive
How many copies of the notorious E.T. game for the Atari 2600 did Atari end up selling?,1.5 Million,Less than 250 Thousand,250 Thousand,1.5 Million
"In the game Call of Duty, what is the last level where you play as an American soldier?",Festung Recogne,Ste. Mere-Eglise (Day),Chateau,Brecourt
In the National Pokedex what number is Porygon-Z?,474,589,432,376
"In the Team Fortress 2 canon, what did Shakespearicles NOT invent?",Stairs,Rocket Launcher,Two-Story Building,Stage Play
Which of these characters from Final Fantasy VIII primarily spoke in one word sentences?,Fujin,Raijin,Seifer,Fujin
"In Monster Hunter Generations, which of these hunter arts are exclusive to the Longsword?",Unhinged Spirit,Demon Riot,Unhinged Spirit,Provoke
What was the code name given to Sonic the Hedgehog 4 during its development?,Project Needlemouse,Project Needlemouse,Project Darksphere,Project Bluespike
Where are Terror Fiends more commonly found in the Nintendo game Miitopia?,New Lumos,The Sky Scraper,Otherworld,Peculia
"In Geometry Dash, what is level 13?",Electroman Adventures,Clubstep,Electroman Adventures,Theory of Everything
How many total monsters appear in Monster Hunter Generations?,105,105,73,100
The creation of the Entertainment Software Ratings Board (ESRB) is often associated with Mortal Kombat and what FMV video game?,Night Trap,Sewer Shark,Night Trap,The Daedalus Encounter
What is the name of your team in Star Wars: Republic Commando?,Delta Squad,Delta Squad,Vader&#039;s Fist,Bravo Six
"In the game Warframe, what Mastery Rank do you need to have to build the Tigris Prime?",13,10,18,13
In the original DOOM (1993) which of the following is NOT a cheat code?,IDCLIP,IDCLIP,IDSPISPOPD,IDFA
"Who is the victim mentioned in the second KG-8 incident, in Ace attorney Investigations, Case 4?",Deid Mann,Raymond Shields,Shey De Killer,Deid Mann
"In Halo 2, how many rounds does the M6C hold in a single magazine?",12,36,6,18
When was the Valve Corporation founded?,24-Aug-96,24-Aug-96,26-Dec-94,22-Mar-97
"In Diablo lore, this lesser evil spawned from one of the seven heads of Tathamet, and was known as the Maiden of Anguish.",Andariel,Malthael,Valla,Kashya
"In the game Enter the Gungeon, which one of these is not a playable character?",The Wizard,The Bullet,The Robot,The Cultist
"GoldenEye 007 on the Nintendo 64 was planned to allow you to play as all previous Bond actors, with the exception of who?",George Lazenby,Roger Moore,George Lazenby,Timothy Dalton
Why was the character Trevor Philips discharged from the Air Force?,Mental Health Issues,Injuries,Disease,Danger to Others
Which of these weapon classes DO NOT appear in the first Monster Hunter game?,Bow,Heavy Bowgun,Hammer,Light Bowgun
"In World of Warcraft, which raid instance features a chess event?",Karazhan,Zul&#039;Aman,Karazhan,Temple of Ahn&#039;Qiraj
"In Counter Strike: Global Offensive, what is the code implanted onto the C4 as the Terrorists plant the bomb?",7355608,7726354,7256380,7355608
How many voice channels does the Nintendo Entertainment System support natively?,5,3,5,6
"In the Kingdom Hearts series, which is not an optional boss you can fight?",Master Yen Sid,Master Yen Sid,Sephiroth,Julius
When was Pokemon GO released in North America?,"July 6th, 2016","June 5th, 2016","May 24th, 2016","July 6th, 2016"
Which one of these Swedish companies was founded in 1943?,IKEA,IKEA,H &amp; M,Lindex
What year was the RoboSapien toy robot released?,2004,2000,2004,2001
Where is Apple Inc. headquartered?,"Cupertino, California","Redwood City, California","Redmond, Washington","Cupertino, California"
"Which product did Nokia, the telecommunications company, originally sell?",Paper,Processors,Paper,Computers
Which of the following chemicals are found in eggplant seeds?,Nicotine,Psilocybin,Cyanide,Mescaline
What year was Queen Elizabeth II born?,1926,1923,1929,1926
Which of these banks are NOT authorized to issue currency notes in Hong Kong?,OCBC,HSBC,OCBC,Standard Chartered
Sciophobia is the fear of what?,Shadows,Shadows,Bright lights,Eating
Who founded the Khan Academy?,Sal Khan,Kitt Khan,Ben Khan,Adel Khan
"If you planted the seeds of Quercus robur, what would grow?",Trees,Trees,Vegetables,Grains
What is the airspeed velocity of an unladen swallow?,24 MPH,24 MPH,15 MPH,20 MPH
"De Eemhof, Port Zelande and Het Heijderbos are holiday villas owned by what company?",Center Parcs,Yelloh Village,Keycamp,Center Parcs
Which of the following languages does NOT use gender as a part of its grammar?,Turkish,Polish,Danish,German
"Originally another word for poppy, coquelicot is a shade of what?",Red,Blue,Green,Pink
Which of these cities does NOT have a United States Minting location?,"St. Louis, MO","St. Louis, MO","San Fransisco, CA","Philidelphia, PA"
Which of the following British Monarchs never appeared on a circulated pound sterling coin?,Edward VIII,George VI,Charles II,Victoria
What is the most commonly used noun in the English language?,Time,Man,Water,Home
What is the name of rocky region that spans most of eastern Canada?,Canadian Shield,Canadian Shield,Rocky Mountains,Appalachian Mountains
Which of these is NOT a province in China?,Yangtze,Sichuan,Fujian,Yangtze
Which is the largest freshwater lake in the world?,Lake Superior,Caspian Sea,Lake Superior,Lake Michigan
What is the largest city and commercial capital of Sri Lanka?,Colombo,Moratuwa,Negombo,Kandy
How many countries border Kyrgyzstan?,4,3,6,1
What is the second-largest city in Lithuania?,Kaunas,Vilnius,Klaip��da,Kaunas
The emblem on the flag of the Republic of Tajikistan features a sunrise over mountains below what symbol?,Crown,Bird,Crown,Sickle
Which country was NOT formerly part of Yugoslavia?,Albania,Macedonia,Albania,Croatia
"What is the name of the formerly rich fishing grounds off the island of Newfoundland, Canada?",Grand Banks,Great Barrier Reef,Mariana Trench,Hudson Bay
What is the name of the Canadian national anthem?,O Canada,O Red Maple,Leaf-Spangled Banner,March of the Puck Drop
When does Finland celebrate their independence day?,December 6th,January 2nd,November 12th,December 6th
How many stations does the Central Line have on the London Underground?,49,51,49,43
"In which city, is the Big Nickel located in Canada?","Sudbury, Ontario","Calgary, Alberta","Sudbury, Ontario","Halifax, Nova Scotia"
The Andaman and Nicobar Islands in South East Asia are controlled by which country?,India,Vietnam,Thailand,Indonesia
The Hunua Ranges is located in...,New Zealand,Mexico,China,Nepal
What is the land connecting North America and South America?,Isthmus of Panama,Isthmus of Panama,Australasia,Urals
"Bir Tawil, an uninhabited track of land claimed by no country, is located along the border of which two countries?",Egypt and Sudan,Israel and Jordan,Chad and Libya,Iraq and Saudi Arabia
Which country is completely landlocked by South Africa?,Lesotho,Swaziland,Lesotho,Botswana
Which of these positions did the astronomer and physicist Isaac Newton not hold?,Surveyor to the City of London,Professor of Mathematics,Warden of the Royal Mint,Member of Parliament
How many sonatas did Ludwig van Beethoven write?,32,21,31,50
How long did the Warsaw Uprising during World War II last?,63 Days,20 Days,63 Days,55 Days
Toussaint Louverture led a successful slave revolt in which country?,Haiti,Haiti,United States,Cuba
How many women joined the United States Armed Services during World War II?,"350,000","500,000","100,000","350,000"
Which of the following Physicists aided Nazi Germany in their production of a nuclear weapon?,Werner Heisenberg,John von Neumann,Albert Einstein,Werner Heisenberg
What was the original name of New York City?,New Amsterdam,New Amsterdam,New Rome,New London
When did Spanish Peninsular War start?,1808,1806,1808,1810
"The coat of arms of the King of Spain contains the arms from the monarchs of Castille, Leon, Aragon and which other former Iberian kingdom?",Navarre,Navarre,Galicia,Granada
The pantheon in Rome was used to worship what god?,Any god they wanted,Any god they wanted,Athena,Zeus
The Second Boer War in 1899 was fought where?,South Africa,Bulgaria,Nepal,Argentina
What was the name of the German offensive operation in October 1941 to take Moscow before winter?,Operation Typhoon,Operation Sunflower,Operation Typhoon,Operation Barbarossa
List the following Iranic empires in chronological order:,"Median, Achaemenid, Parthian, Sassanid","Median, Achaemenid, Parthian, Sassanid","Median, Achaemenid, Sassanid, Parthian","Achaemenid, Median, Parthian, Sassanid"
What was found in 1946 by two young shepards near a cave?,Dead Sea Scrolls,The First Oaxaca Cave Sleeper,Sheep,The Blackbeard Chest
Which countries participated in the Lobster War?,France and Brazil,Canada and Norway,France and Brazil,Australia and New Zealand
Which of the following physicists did NOT work on the Manhattan project?,Murray Gell-Mann,John Von-Neumann,J. Robert Oppenheimer,Richard Feynman
Which of these theoretical phycisists first predicted the existence of antimatter?,Paul Dirac,Niels Bohr,Albert Einstein,Werner Heisenberg
What age was King Henry V when he died?,35,35,87,62
Who was the first man to travel into outer space twice?,Gus Grissom,Vladimir Komarov,Charles Conrad,Gus Grissom
"Which country did the Eureka Rebellion, an 1856 battle against colonial rule, take place in?",Australia,Brazil,Canada,India
Bohdan Khmelnytsky was which of the following?,Leader of the Ukrainian Cossacks,Grand Prince of Novgorod,Prince of Wallachia,Leader of the Ukrainian Cossacks
Which naval battle was considered the turning point of the Pacific Ocean Theater during World War 2?,Battle of Midway,Attack on Pearl Harbor,Battle of Midway,Attack on Truk Island
When did the French Revolution begin?,1789,1799,1756,1789
Spain was formed in 1469 with the marriage of Isabella I of Castile and Ferdinand II of what other Iberian kingdom?,Aragon,Galicia,Le&oacute;n,Aragon
Which U.S. president was said to have been too honest to lie to his father about chopping down a cherry tree?,George Washington,Abraham Lincoln,Thomas Jefferson,George Washington
"In the year 1900, what were the most popular first names given to boy and girl babies born in the United States?",John and Mary,John and Mary,George and Anne,William and Elizabeth
"Who is the creator of the soft drink, Dr. Pepper?",Charles Alderton,James Wellington,Johnson Hinsin,Charles Alderton
"During the Spanish Civil War (1936), Francisco Franco fought for which political faction?",Nationalist Spain,Republican Spain,Popular Front,Papal State
The Hagia Sophia was commissioned by which emperor of the Byzantine Empire?,Justinian I,Theodosius the Great,Justinian I,Arcadius
"In Norse mythology, what is the name of the serpent which eats the roots of the ash tree Yggdrasil?",Nidhogg,Ymir,Nidhogg,Odin
Nidhogg is a mythical creature from what mythology?,Norse,Norse,Egyptian,Greek
"In June 2017, Saudi Arabia and Egypt broke off ties with which country over its supposed support for terrorism?",Qatar,Qatar,Russia,United States of America
Which of the following United States senators is known for performing a 24-hour long filibuster?,Strom Thurmond,Roy Blunt,John Barrasso,Strom Thurmond
Which of the following United States Presidents served the shortest term in office?,William Henry Harrison,Zachary Taylor,James A. Garfield,Warren G. Harding
Which letter do you need to have on a European driver license in order to ride any motorbikes?,A,X,D,A
What is the molecular formula of Ozone?,O3,O3,SO4,N2O
What nucleotide pairs with guanine?,Cytosine,Uracil,Thymine,Cytosine
How many objects are equivalent to one mole?,6.022 x 10^23,6.022 x 10^22,6.002 x 10^23,6.022 x 10^23
What was the first organic compound to be synthesized from inorganic compounds?,Urea,Propane,Ethanol,Formaldehyde
Which is the chemical name of H2O?,Dihydrogen Monoxide,Manganese dioxide,Dihydrogen Monoxide,Anhydrous Sodium Carbonate
Which of the following is NOT a real element?,Vitrainium,Vitrainium,Lutetium,Hassium
What element on the periodic table has 92 electrons?,Uranium,Uranium,Hydrogen,Sulfur
Folic acid is the synthetic form of which vitamin?,Vitamin B,Vitamin C,Vitamin B,Vitamin A
Which is not a type of neuron?,Perceptual Neuron,Perceptual Neuron,Sensory Neuron,Motor Neuron
Which of the following is NOT a word used to describe an earthquake?,Drop-slide,Strike-slip,Foreshock,Temblor
"Botanically speaking, which of these fruits is NOT a berry?",Strawberry,Blueberry,Banana,Concord Grape
How many types of quarks are there in the standard model of physics?,6,6,4,3
Muscle fiber is constructed of bundles small long organelles called what?,Myofibrils,Myocardium,Myofiaments,Myofibrils
An organic compound is considered an alcohol if it has what functional group?,Hydroxyl,Carbonyl,Alkyl,Aldehyde
Where is the Gluteus Maximus muscle located?,Butt,Butt,Arm,Head
What is the unit of electrical inductance?,Henry,Henry,Mho,Coulomb
Which of the following are cells of the adaptive immune system?,Cytotoxic T cells,Cytotoxic T cells,Natural killer cells,Dendritic cells
What physics principle relates the net electric flux out of a closed surface to the charge enclosed by that surface?,Gauss&#039;s Law,Ampere&#039;s Law,Faraday&#039;s Law,Gauss&#039;s Law
What is the scientific name of the knee cap?,Patella,Scapula,Foramen Magnum,Femur
If you planted the seeds of Quercus robur what would grow?,Trees,Flowers,Vegtables,Trees
"Which of the following plastic is commonly used for window frames, gutters and drain pipes?",Polyvinylchloride (PVC),Polystyrene (PS),Polypropylene (PP),Polyethylene (PE)
"In quantum physics, which of these theorised sub-atomic particles has yet to be observed?",Graviton,Z boson,Tau neutrino,Graviton
What is the scientific name of the red fox?,Vulpes Vulpes,Vulpes Redus,Vulpes Vulpes,Red Fox
How long is a light-year?,9.461 Trillion Kilometres,1 AU,9.461 Trillion Kilometres,501.2 Million Miles
Which of these animals belongs in class Chondrichthyes?,Great white shark,Great white shark,Catfish,Killer whale
The core of the Sun can reach which temperature?,27&deg; Million F (15&deg; Million C),"938,000&deg; F (521093.3&deg; C)",27&deg; Million F (15&deg; Million C),8&deg; Billion F (&deg;4.4 Billion C)
Who is the founder of Palantir?,Peter Thiel,Mark Zuckerberg,Marc Benioff,Peter Thiel
What is the name of the process that sends one qubit of information using two bits of classical information?,Quantum Teleportation,Quantum Programming,Quantum Entanglement,Quantum Teleportation
What vulnerability ranked #1 on the OWASP Top 10 in 2013?,Injection,Insecure Direct Object References,Cross-Site Scripting,Injection
What was the name of the security vulnerability found in Bash in 2014?,Shellshock,Heartbleed,Shellshock,Bashbug
Which of the following computer components can be built using only NAND gates?,ALU,CPU,RAM,Register
Which of these is not a key value of Agile software development?,Comprehensive documentation,Individuals and interactions,Customer collaboration,Responding to change
America Online (AOL) started out as which of these online service providers?,Quantum Link,Quantum Link,CompuServe,Prodigy
What does the International System of Quantities refer 1024 bytes as?,Kibibyte,Kylobyte,Kibibyte,Kilobyte
Which data structure does FILO apply to?,Stack,Tree,Heap,Queue
The internet domain .fm is the country-code top-level domain for which Pacific Ocean island nation?,Micronesia,Marshall Islands,Micronesia,Fiji
What port does HTTP run on?,80,80,53,443
What internet protocol was documented in RFC 1459?,IRC,HTTP,HTTPS,FTP
Which RAID array type is associated with data mirroring?,RAID 1,RAID 1,RAID 0,RAID 10
The Harvard architecture for micro-controllers added which additional bus?,Instruction,Data,Address,Control
Which of the following is the standard THX subwoofer crossover frequency?,80 Hz,80 Hz,70 Hz,90 Hz
How many zeptometres are inside one femtometre?,"1,000,000",10,"1,000,000,000",1000
Which of the following mathematicians made major contributions to game theory?,John Von Neumann,John Von Neumann,Stefan Banach,Leonhard Euler
The decimal number 31 in hexadecimal would be what?,1F,1B,1F,2E
Which of these numbers is closest to the total number of possible states for an army standard Enigma Machine?,1.58 x 10^20,1.58 x 10^20,1.58 x 10^24,1.58 x 10^18
Which car company is the only Japanese company which won the 24 Hours of Le Mans?,Mazda,Mazda,Nissan,Subaru
Which of these Russian cities did NOT contain a stadium that was used in the 2018 FIFA World Cup?,Vladivostok,Rostov-on-Don,Vladivostok,Yekaterinburg
The Mazda 787B won the 24 Hours of Le Mans in what year?,1991,1990,2000,1987
With which doubles partner did John McEnroe have most success?,Peter Fleming,Mark Woodforde,Michael Stich,Peter Fleming
Where was the Games of the XXII Olympiad held?,Moscow,Moscow,Los Angeles,Barcelona
What model was the sports car gifted to Yuri Gagarin by the French government in 1965?,Matra Djet,AC Cobra,Alpine A110,Porsche 911
What engine is in the Lexus SC400?,1UZ-FE,7M-GTE,2JZ-GTE,1UZ-FE
What car manufacturer gave away their patent for the seat-belt in the interest of saving lives?,Volvo,Renault,Ford,Volvo
"In 2014, over 6 million General Motors vehicles were recalled due to what critical flaw?",Faulty ignition switch,Faulty brake pads,Breaking fuel lines,Faulty ignition switch
The difference between the lengths of a Boeing 777-300ER and an Airbus A350-1000 is closest to:,0.1m,1m,10m,100m
Which Variable Valve Timing technology is used by BMW?,VANOS,VVEL,VVT-iw,MultiAir
Which car is the first mass-produced hybrid vehicle?,Toyota Prius,Chevrolet Volt,Honda Fit,Toyota Prius
Which one of the following is NOT a sub-company of the Volkswagen Group?,Opel,Porsche,Bugatti,Bentley
How much horsepower is produced by the SD40-2 Locomotive?,"3,000","3,200","2,578","3,000"
What is the collective noun for rats?,Mischief,Pack,Race,Mischief
Cashmere is the wool from which kind of animal?,Goat,Goat,Llama,Camel
What is the name for a male bee that comes from an unfertilized egg?,Drone,Soldier,Drone,Worker
Which of these species is not extinct?,Komodo dragon,Tasmanian tiger,Japanese sea lion,Saudi gazelle
What type of animal is a natterjack?,Toad,Bird,Fish,Toad
"The dish Fugu, is made from what family of fish?",Pufferfish,Pufferfish,Bass,Salmon
What is the common term for bovine spongiform encephalopathy (BSE)?,Mad Cow disease,Mad Cow disease,Weil&#039;s disease,Milk fever
Who painted the epic mural Guernica?,Pablo Picasso,Pablo Picasso,Francisco Goya,Leonardo da Vinci
Who designed the Chupa Chups logo?,Salvador Dali,Salvador Dali,Andy Warhol,Vincent van Gogh
In which of these TV shows did the chef Gordon Ramsay not appear?,Auction Hunters,Ramsay&#039;s Kitchen Nightmares,Hotel Hell,Auction Hunters
How old was Muhammad Ali when he died?,74,61,He&#039;s still alive,56
What was the cause of death for Freddie Mercury?,Pneumonia,HIV,Stomach Cancer,Brain Hemorrhage
Which television show has Dan Gheesling been on?,Big Brother,Jeopardy,Big Brother,Survivor
"Which American celebrity died in 1977 playing golf in La Moraleja, Madrid?",Bing Crosby,Groucho Marx,Bing Crosby,Charlie Chaplin
What caused Jake Lloyd who played Anakin Skywalker in The Phantom Menace to quit acting?,Bullying,Criminal Record,Bullying,Nomination for Worst Actor
"At the start of a standard game of the Monopoly, if you throw a double six, which square would you land on?",Electric Company,Community Chest,Electric Company,Chance
"In Chess, the Queen has the combined movement of which two pieces?",Bishop and Rook,King and Knight,Knight and Bishop,Rook and King
"In the year 1818, novelist Mary Shelly is credited with writing a fiction novel and creating this infamous character.",Frankenstein&#039;s monster,The Invisible Man,Frankenstein&#039;s monster,The Thing
Which of the following authors was not born in England?,Arthur Conan Doyle,Arthur C Clarke,H G Wells,Graham Greene
How many books are in the Chronicles of Narnia series?,7,7,6,8
Which of the following is not a work authored by Fyodor Dostoevsky?,Anna Karenina,Notes from the Underground,Anna Karenina,Crime and Punishment
What book series published by Jim Butcher follows a wizard in modern day Chicago?,The Dresden Files,A Hat in Time,The Cinder Spires,The Dresden Files
Which novel by John Grisham was conceived on a road trip to Florida while thinking about stolen books with his wife?,Camino Island,Camino Island,Rogue Lawyer,Gray Mountain
Which Sanrio character was introduced in 1996?,Pompompurin,Badtz-Maru,Kerropi,Pompompurin
Which episode from The Amazing World Of Gumball won the Childrens Choice Award at the British Animation Awards in 2016?,The Shell,The Shell,The Gripes,The Limit
What animated internet character is known to answer emails with his boxing gloves?,Strong Bad,Strong Sad,Strong Mad,Strong Glad
What is the standard frame rate for animation?,24 FPS,24 FPS,12 FPS,30 FPS
Nickelodeon is owned by what parent company?,Viacom,CBS,FOX,ABC
Which Hanna-Barbera cartoon character travelled with a canine companion named Beegle Beagle?,Grape Ape,Yogi Bear,Wally Gator,Boss Gator
Who voiced Finn in Adventure Time?,Jeremy Shada,Nolan North,John DiMaggio,Tom Kenny
"In Bionicle, who was formerly a Av-Matoran and is now the Toa of Light?",Takua,Jaller,Vakama,Tahu
Who created Ultron of Earth-616?,Henry Pym,Henry Pym,Amadeus Cho,Tony Stark
"In Marvel Comics, Taurus is the founder and leader of which criminal organization?",Zodiac,The Union,Tiger Mafia,Zodiac
"In the DC Comics 2016 reboot, Rebirth, which speedster escaped from the Speed Force after he had been erased from existance?",Wally West,Eobard Thawne,Jay Garrick,Wally West
What is the name of the main character in the webcomic Gunnerkrigg Court by Tom Siddell?,Antimony,Cobalt,Antimony,Mercury
Who authored The Adventures of Tintin?,Herg&eacute;,Chic Young,E.P. Jacobs,Herg&eacute;
Who is the second person to take up the mantle of Night Owl in the Watchmen graphic novel?,Daniel Dreiberg,Adrian Veidt,Hollis Mason,Nelson Gardner
Which one of these films are shot entirely in one-take?,Russian Ark,Russian Ark,Good Will Hunting,Birdman
"Ed Koch, the Mayor of New York in 1984, played himself in which Muppets movie?",The Muppets Take Manhattan,The Muppet Movie,The Great Muppet Caper,The Muppets Take Manhattan
"After India, which country produces the second most movies per year?",Nigeria,France,Nigeria,China
What were the Chilled Monkey Brains made from during Indiana Jones and the Temple of Doom?,Custard and Raspberry Sauce,Strawberry Ice Cream,Cherry Yogurt,Custard and Raspberry Sauce
Which of the following James Bond villains is not affiliated with the SPECTRE organization?,Auric Goldfinger,Auric Goldfinger,Dr. Julius No,Rosa Klebb
Which of the following films was NOT directed by Quentin Tarantino?,From Dusk till Dawn,Reservoir Dogs,Jackie Brown,From Dusk till Dawn
"In the 2010 Nightmare on Elm Street reboot, who played Freddy Kruger?",Jackie Earle Haley,Derek Mears,Jackie Earle Haley,Gunnar Hansen
Which movie of film director Stanley Kubrick is known to be an adaptation of a Stephen King novel?,The Shining,The Shining,2001: A Space Odyssey,Dr. Strangelove
Who plays the Nemesis in the Resident Evil movies?,Matthew Taylor,Jimmy Matts,Eric Mabius,Matthew Taylor
"In The Lord of the Rings: The Fellowship of the Ring, which one of the following characters from the book was left out of the film?",Tom Bombadil,Celeborn,Tom Bombadil,Barliman Butterbur
Which Marvel superhero did Chris Evans play prior to his role as Captain America?,Human Torch,Daredevil,Iceman,Human Torch
What character in the Winnie the Pooh films was added by Disney and does not appear in the original books?,Gopher,Rabbit,Gopher,Heffalumps
This trope refers to minor characters that are killed off to show how a monster works.,Red Shirt,Minions,Red Shirt,Expendables
What was the name of the protagonist in the movie Commando (1985)?,John Matrix,Douglas Quaid,John Matrix,Ben Richards
"In Mulan (1998), who is the leader of the Huns?",Shan Yu,Chien-Po,Shan Yu,Li Shang
What is the correct spelling of the protagonist of the book in The NeverEnding Story (1984)?,Atreyu,Atraeyu,Atraiyu,Atrayu
Which former Star Trek actor directed Three Men and a Baby (1987)?,Leonard Nimoy,William Shatner,George Takei,Leonard Nimoy
Which movie sequel had improved box office results compared to its original film?,Toy Story 2,Son of the Mask,Speed 2: Cruise Control,Sin City: A Dame to Kill For
Which of the following is NOT a quote from the 1942 film Casablanca?,"&quot;Frankly, my dear, I don&#039;t give a damn.&quot;","&quot;Here&#039;s lookin&#039; at you, kid.&quot;","&quot;Frankly, my dear, I don&#039;t give a damn.&quot;","&ldquo;Of all the gin joints, in all the towns, in all the world, she walks into mine&hellip;&rdquo;"
Which actor and martial artist starred as Colonel Guile in the 1994 action film adaptation of Street Fighter?,Jean-Claude Van Damme,Scott Adkins,Jean-Claude Van Damme,Steven Seagal
"In the Mad Max franchise, what type of car is the Pursuit Special driven by Max?",Ford Falcon,Pontiac Firebird,Ford Falcon,Chrysler Valiant Charger
Which of these is NOT an album released by The Beatles?,The Wall,Abbey Road,Magical Mystery Tour,Revolver
Which Beatle led the way across the zebra crossing on the Abbey Road album cover?,John,Ringo,George,John
Which song is not by TheFatRat?,Ascent,Infinite Power!,Windfall,Ascent
Which genre of Hip Hop does MC Frontalot rap?,Nerdcore,Nerdcore,Horrorcore,Christian
Liam Howlett founded which electronic music group in 1990?,The Prodigy,The Crystal Method,The Prodigy,The Chemical Brothers
Which of these is NOT the name of an album released by American rapper Viper?,The Life of Pablo,You&#039;ll Cowards Don&#039;t Even Smoke Crack,The Life of Pablo,Kill Urself My Man
What is the real name of Canadian electronic music producer deadmau5?,Joel Zimmerman,Adam Richard Wiles,Thomas Wesley Pentz,Joel Zimmerman
"May 16th of every year is known as __________ Day, named after a punk band prominent in the 1990s.",Lagwagon,Lagwagon,Goldfinger,Less Than Jake
Who is the primary lyricist for Canadian progressive rock band Rush?,Neil Peart,Alex Lifeson,Neil Peart,John Rutsey
"Johnny Cash did a cover of this song written by lead singer of Nine Inch Nails, Trent Reznor.",Hurt,Closer,Hurt,Big Man with a Gun
What is the last song on the first Panic! At the Disco album?,"Build God, Then We&#039;ll Talk","Nails for Breakfast, Tacks for Snacks","Build God, Then We&#039;ll Talk",I Write Sins Not Tragedies
Which of these is NOT a song by Pegboard Nerds?,WiFi Tears,Swamp Thing,WiFi Tears,Emoji
Which song previously recorded by Elvis Presley was covered by UB40 with a reggae beat?,Can&#039;t Help Falling in Love,Can&#039;t Help Falling in Love,Jailhouse Rock,Wooden Heart
EDM producer Marshmello performs live wearing clothes and a marshmallow mask of what colour?,White,Blue,White,Black
Who is the lead singer of Bastille?,Dan Smith,Chris Wood,Dan Smith,Kyle Simmons
African-American performer Sammy Davis Jr. was known for losing which part of his body in a car accident?,Left Eye,Right Ear,Right Middle Finger,Nose
"In August 1964, who introduced the Beatles to cannabis?",Bob Dylan,Bob Dylan,Jim Morrison,Brian Epstein
Pink Floyd made this song for their previous lead singer Syd Barrett.,Shine On You Crazy Diamond,Have A Cigar,Welcome to the Machine,Shine On You Crazy Diamond
What was the name of the Wu-Tang Clan album Martin Shkreli bought for $2 million dollars?,Once Upon a Time in Shaolin,8 Diagrams,The Saga Continues,A Better Tomorrow
Which country is singer Kyary Pamyu Pamyu from?,Japan,Japan,Vietnam,China
Which of these bands is the oldest?,Pink Floyd,Pink Floyd,AC/DC,Metallica
Who is the frontman of Muse?,Matt Bellamy,Jonny Greenwood,Matt Bellamy,Thom Yorke
Which one of these artists appears in the album Deltron 3030?,Dan the Automater,Dan the Automater,Lamarr Kendrick,Danger Mouse
Who was the lead singer and frontman of rock band R.E.M?,Michael Stipe,Chris Martin,Thom Yorke,George Michael
From which country does the piano originate?,Italy,Germany,Austria,France
What country did Shirley Bassey originate from?,Wales,Wales,England,America
In which city did American rap producer DJ Khaled originate from?,Miami,Atlanta,Miami,Detroit
What album did Gorillaz release in 2017?,Humanz,Demon Days,Plastic Beach,The Fall
In which Shakespearean play will you find the suicide of Ophelia?,Hamlet,King Lear,Othello,Macbeth
"In the Doctor Who universe, how many times can a time lord normally regenerate?",12,15,13,12
Alan Reed is known for providing the voice of which character?,Fred Flintstone,G.I. Joe,Bugs Bunny,Fred Flintstone
"In Battlestar Galactica (2004), what is the name of the President of the Twelve Colonies?",Laura Roslin,Laura Roslin,Harry Stills,Tricia Helfer
Baron Silas Greenback is the arch nemesis of which cartoon hero?,Danger Mouse,Bananaman,Danger Mouse,Captain Star
What is the name of the race horse that Tony Soprano becomes attached to?,Pie-O-My,Man o&#039; war,Bada Bing,Pie-O-My
Which character does voice actress Tara Strong NOT voice?,Bubbles (2016),Twilight Sparkle,Bubbles (2016),Timmy Turner
Which of these television shows makes everyone look under their chair?,Oprah,Oprah,Saturday Night Live,Jimmy Fallon
"Out of the 3 Tots in Tots TV, who speaks French in the UK Version and Spanish in the US Version?",Tilly,Tom,Tilly,Tiny
Who was the winner of the 2016 WWE Royal Rumble?,Triple H,Triple H,Dean Ambrose,AJ Styles
Which Sonic the Hedgehog game introudced Knuckles the Echidna?,Sonic the Hedgehog 3,Sonic Adventure,Sonic the Hedgehog 2,Sonic &amp; Knuckles
Which country is featured in Ace Combat 5: The Unsung War?,Osea,Aurelia,Osea,Australia
"In the Portal series of games, who was the founder of Aperture Science?",Cave Johnson,Cave Johnson,Gordon Freeman,Wallace Breen
What is the name of the 8th installment in the Fire Emblem series?,The Sacred Stones,The Sacred Stones,Path of Radiance,Awakening
"What happened to Half-Life 2 prior to its release, which resulted in Valve starting over the development of the game?",The source code got leaked,They weren&#039;t satisfied with the result,The source code got leaked,The story was not good enough
"In Portal, what color is the Morality Core?",Purple,Purple,Yellow,Red
What are tiny Thwomps called in Super Mario World?,Thwimps,Little Thwomp,Mini Thwomp,Tiny Tims
What is the lowest amount of max health you can have in Team Fortress 2?,70,95,50,100
What was the first PlayStation game to require the use of the DualShock controller?,Ape Escape,Ape Escape,Tomba 2!,Tekken
"In Splatoon, what is the age that inklings can freely change between squid and humanoid forms?",14,13,16,14
What is the name of the machine that fails and essentially dooms mankind in the beginning of the first Half-Life game?,Anti-mass spectrometer,Dark fusion reactor,Oscillation generator,Dark fusion resonator
"Of the following space shooter games, which came out first?",Space Invaders,Sinistar,Galaga,Space Invaders
What is the item required to summon the boss Duke Fishron in the game Terraria?,Truffle Worm,Truffle Worm,Slug,King Grasshopper
From where does the Nintendo video game character Mario derive his name?,The landlord of the American headquarters,The landlord of the American headquarters,Satoru Iwata&#039;s plumber,Shigeru Miyamoto&#039;s father in law
What is the main character of Metal Gear Solid 2?,Raiden,Solidus Snake,Big Boss,Raiden
Which company did Bethesda purchase the Fallout Series from?,Interplay Entertainment,Nintendo,Blizzard Entertainment,Capcom
Who was the first female protagonist in a video game?,Samus Aran,Lara Croft,Alis Landale,Chell
"Which of these characters was almost added into Super Smash Bros. Melee, but not included as the game was too far in development?",Solid Snake,Meta Knight,Pit,Solid Snake
"In WarioWare: Smooth Moves, which one of these is NOT a Form?",The Hotshot,The Discard,The Hotshot,The Elephant
"Without enchantments, which pickaxe in minecraft mines blocks the quickest.",Golden,Iron,Diamond,Golden
How many stars are there to collect in Super Mario 64?,120,120,60,80
"Which puzzle game was designed by a Russian programmer, featuring Russian buildings and music?",Tetris,Tetris,Jenga,Boulder Dash
"In Overwatch, how old is Reinhardt Wilhelm?",61,62,65,59
Which of these characters won the Super Smash Bros. Fighter Ballot in 2015?,Bayonetta,Bayonetta,Ryu,Cloud
In which year did the first Monster Hunter game get released?,2004,2004,2006,2002
What was the original release date of Grand Theft Auto V?,17-Sep-13,17-Aug-13,14-Apr-15,18-Nov-14
Which of the following characters were considered for inclusion in Super Smash Bros. Melee?,Lucas,Diddy Kong,Meta Knight,Mega Man
"Ellen McLain, the voice of GLaDOS in the Portal game series, is married to the voice actor for which Team Fortress 2 character?",Sniper,Heavy,Sniper,Soldier
"In Night in the Woods, which instrument did Casey play?",Drums,Sax,Piano,Drums
When was the Sega Genesis released in Japan?,29-Oct-88,1-Sep-86,30-Nov-90,14-Aug-89
Which of these characters is NOT a boss in Crash Bash?,Ripper Roo,Komodo brothers,Ripper Roo,Nitros Oxide
What character is NOT apart of the Grand Theft Auto series?,Michael Cardenas,Lester Crest,Tommy Vercetti,Michael Cardenas
"In Need For Speed Most Wanted (2005), what do you drive at the beginning of the career mode?",BMW M3 GTR,BMW M3 GTR,Nissan 240SX,Porsche 911 Turbo
Just Cause 2 was mainly set in what fictional Southeast Asian island country?,Panau,Palau,Macau,Davao
"In vanilla Minecraft, you can make armor out of all BUT which of the following?",Emeralds,Iron,Leather,Emeralds
"In the 1980s, a service called Gameline allowed users to download games to what console?",Atari 2600,Sega Genesis,Nintendo Entertainment System,Atari 2600
"In Need for Speed: Underground, what car does Eddie drive?",Nissan Skyline GT-R (R34),Nissan Skyline GT-R (R34),Subaru Impreza 2.5 RS,Acura Integra Type R
What song is played during the ending credits of Guitar Hero: World Tour?,Dream Theater - Pull Me Under,Dragonforce - Through The Fire &amp; The Flames,King Crimson - 21st Century Schizoid Man,Dream Theater - Pull Me Under
Which of the following was not developed by Bethesda?,Fallout: New Vegas,Fallout 4,The Elder Scrolls V: Skyrim,Fallout: New Vegas
What is the full name of the protagonist from the SNES game Clock Tower?,Jennifer Simpson,Jennifer Simpson,Jennifer Maxwell,Jennifer Cartwright
What is the original name of Final Fantasy XV?,Final Fantasy Versus XIII,Final Fantasy: Reborn,Final Fantasy Versus XIII,Final Fantasy XVI
Which of these Counter-Strike maps is a bomb defuse scenario?,Prodigy,Oilrig,Prodigy,Havana
"In Need For Speed: Most Wanted (2005), how many people are there to defeat on the blacklist?",15,20,10,5
Which of these games was NOT a Nintendo Switch launch title in the United States?,Voez,Just Dance 2017,Voez,Fast RMX
Which company developed and published Game Dev Tycoon?,Greenheart Games,Greenland Games,Greenheart Games,The Tycoonists
"In Left 4 Dead, which campaign has the protagonists going through a subway in order to reach a hospital for evacuation?",No Mercy,Blood Harvest,Hospital Havoc,Subway Sprint
Final Fantasy VI was originally released outside Japan under what name?,Final Fantasy III,Final Fantasy VI,Final Fantasy III,Final Fantasy V
What was the first Call of Duty game to include the Zombies gamemode?,Call of Duty: World at War,Call of Duty: Black Ops,Call of Duty: World at War,Call of Duty: Modern Warfare 2
"If you play the Super Mario RPG and nap in a rented hotel room, you will wake up next to what familiar looking character?",Link,Wario,Q*bert,Link
How many classes are there in Team Fortress 2?,9,7,10,8
"In Left 4 Dead, what is the name of the Special Infected that is unplayable in Versus mode?",The Witch,The Smoker,The Witch,The Spitter
"In the original DOOM games, which of the following demons is a recolor of the Baron of Hell, but is weaker than the Baron?",Hell Knight,Pinky,Mancubus,Arch-Vile
The first version of Blockland came out in which year?,2004,2007,2008,2006
Which was the first video game to be produced by development company Rare?,Slalom,R.C. Pro-Am,Donkey Kong Country,Battletoads
Which football player is featured on the international cover version of the video game FIFA 16?,Lionel Messi,Cristiano Ronaldo,Lionel Messi,Wayne Rooney
Which one of these characters was first introduced in Sonic Boom: Rise of Lyric?,Sticks the Badger,Rouge the Bat,Espio the Chameleon,Sticks the Badger
How many permanent companions are there in the base game version of Fallout: New Vegas?,8,6,7,8
"In Grand Theft Auto: V, what wanted level does the player receive if they enter Zancudo Army Base north of Los Santos?",4,4,3,1
Who is the character you play as in Yume Nikki?,Madotsuki,Poniko,Masada,Uboa
Killing Floor started as a mod for which Unreal Engine 2 game?,Unreal Tournament 2004,Postal,Unreal Tournament 2004,Deus Ex: Invisible War
What block in Minecraft has the highest blast resistance?,Barrier,Bedrock,Obsidian,Block of Diamond
What CS:GO case contains the Butterfly Knife?,Breakout Case,Shadow Case,Breakout Case,Esports 2014 Case
"In World of Warcraft Lore, four Old Gods created a giant and powerful creature. What was it called?",The Ancient One,The Ancient One,Anomalous,The Lich King
What was the main currency in Club Penguin?,Coins,Tickets,Gems,Stamps
Which of the following Call of Duty games was a PS3 launch title?,Call of Duty 3,Call of Duty: World at War,Call of Duty 3,Call of Duty: Roads to Victory
Which of the following is a character in the video game Destiny?,Cayde-6,Ostrava of Boletaria,Mordecai the Hunter,Leon S. Kennedy
"In the video game DOTA 2, which of these is NOT a hero?",Dragon Champion,Dragon Champion,Dark Seer,Keeper of the Light
In what engine was Titanfall made in?,Source Engine,Frostbite 3,Source Engine,Unreal Engine
Which video game earned music composer Mike Morasky the most awards for his work?,Portal 2,Left 4 Dead 2,Portal 2,Counter-Strike: Global Offensive
"In Left 4 Dead, what is the name of the virus, as designated by CEDA, that causes most humans to turn into the Infected?",Green Flu,Raspberry Sniffles,T-Virus,Yellow Fever
Which of these game franchises were made by Namco?,Tekken,Street Fighter,Mortal Kombat,Dragon Quest
Which franchise had a special event hosted in the popular MMORPG Final Fantasy XIV: A Realm Reborn?,Yo-kai Watch,Yu-gi-oh,Yo-kai Watch,Pok&eacute;mon
What is the browser game Kantai Collection heavily inspired by?,Second World War,Second World War,World of Warcraft,Manga
"Why were only only 300,000 copies of Uniracers were produced?","DMA Designs was sued by Pixar, preventing more copies from being produced","DMA Designs was sued by Pixar, preventing more copies from being produced",There was a disagreement between DMA Designs and Nintendo,It didn&#039;t sell well due to poor review scores
"During the events of Half-Life: Opposing Force, what is the age of Adrian Shephard, the protagonist?",22,23,22,21
What was the name of the Secret Organization in the Hotline Miami series?,50 Blessings,50 Saints,USSR&#039;s Blessings,American Blessings
When was Final Fantasy XV released?,"November 29th, 2016","October 25th, 2016","November 29th, 2016","December 31th, 2016"
"In the Mass Effect trilogy, who is the main protagonist?",Shepard,Mordin,Garrus,Thane
"In Undertale, how much do Spider Donuts cost in Hotland?",9999G,12G,9999G,40G
When was the original Star Wars: Battlefront II released?,31-Oct-05,31-Oct-05,18-Dec-04,21-Nov-06
Which of the following created and directed the Katamari Damacy series?,Keita Takahashi,Shinji Mikami,Shu Takumi,Keita Takahashi
What snowy mob was added in Minecraft 1.10?,Polar bears,Walking TNT,Penguins,Polar bears
What two characters from the game Undertale are never in a relationship or not related?,Frisk &amp; Chara,Toriel &amp; Asgore,Alphys &amp; Undyne,Sans &amp; Papyrus
What video game genre were the original Warcraft games?,RTS (Real Time Strategy),MMO (Massively Multiplayer Online),TBS (Turn Based Strategy),RTS (Real Time Strategy)
What element does the Zinogre use in Monster Hunter?,Thunder,Water,Fire,Ice
"Who voices the infamous Citadel Station A.I known as S.H.O.D.A.N, in the System Shock games?",Terri Brosius,Jenn Taylor,Jennifer Hale,Terri Brosius
"In Terraria, what does the Wall of Flesh not drop upon defeat?",Picksaw,Picksaw,Laser Rifle,Breaker Blade
Which river flows through the Scottish city of Glasgow?,Clyde,Dee,Clyde,Tweed
What alcoholic drink is mainly made from juniper berries?,Gin,Rum,Tequila,Gin
Where did the pineapple plant originate?,South America,South America,Europe,Asia
Directly between the Washington Monument and the Reflecting Pool is a memorial to which war?,World War II,World War II,Vietnam War,American Civil War
In 2013 how much money was lost by Nigerian scams?,$12.7 Billion,$2.7 Billion,$12.7 Billion,$956 Million
Computer manufacturer Compaq was acquired for $25 billion dollars in 2002 by which company?,Hewlett-Packard,Dell,Hewlett-Packard,Asus
What is the name of the very first video uploaded to YouTube?,Me at the zoo,Her new puppy from great grandpa vern.,Me at the zoo,carrie rides a truck
Which country drives on the left side of the road?,Japan,Russia,Germany,China
What was the soft drink Pepsi originally introduced as?,Brad&#039;s Drink,Pepsin Pop,Brad&#039;s Drink,Pepsin Syrup
What was the name given to Japanese military dictators who ruled the country through the 12th and 19th Century?,Shogun,Shinobi,Samurai,Ninja
Which of the following buildings is example of a structure primarily built in the Art Deco architectural style?,Niagara Mohawk Building,Taipei 101,Niagara Mohawk Building,One Detroit Center
Which country has the most Trappist breweries?,Belgium,France,Netherlands,Belgium
"What did the Spanish autonomous community of Catalonia ban in 2010, that took effect in 2012?",Bullfighting,Fiestas,Flamenco,Bullfighting
"In a standard set of playing cards, which is the only king without a moustache?",Hearts,Hearts,Diamonds,Spades
What was the destination of the missing flight MH370?,Beijing,Kuala Lumpur,Singapore,Beijing
Which Italian automobile manufacturer gained majority control of U.S. automobile manufacturer Chrysler in 2011?,Fiat,Ferrari,Fiat,Maserati
"Linus Pauling, one of the only winners of multiple Nobel Prizes, earned his Nobel Prizes in Chemistry and what?",Peace,Peace,Physiology/Medicine,Physics
What is the unit of currency in Laos?,Kip,Dollar,Konra,Ruble
"What country saw a world record 315 million voters turn out for elections on May 20, 1991?",India,Poland,India,Soviet Union
"On average, Americans consume 100 pounds of what per second?",Chocolate,Cocaine,Donuts,Potatoes
What fast food chain has the most locations globally?,Subway,McDonalds,KFC,Starbucks
What is real haggis made of?,"Sheep&#039;s Heart, Liver and Lungs",Whole Sheep,"Sheep&#039;s Heart, Liver and Lungs","Sheep&#039;s Liver, Kidneys and Eyes"
What is the last letter of the Greek alphabet?,Omega,Epsilon,Omega,Mu
When was Nintendo founded?,"September 23rd, 1889","October 19th, 1891","March 4th, 1887","September 23rd, 1889"
"The Fields Medal, one of the most sought after awards in mathematics, is awarded every how many years?",4,5,3,6
What is the currency of Poland?,Z��oty,Krone,Ruble,Euro
"In the Morse code, which letter is indicated by 3 dots?",S,O,S,A
Which essential condiment is also known as Japanese horseradish?,Wasabi,Mentsuyu,Karashi,Ponzu
What is a Burgee?,A flag,A type of food,A rope,A flag
"In a 1994 CBS interview, Microsoft co-founder Bill Gates performed what unusual trick on camera?",Jumping over an office chair,Jumping backwards over a desk,Jumping over an office chair,Standing on his head
A doctor with a PhD is a doctor of what?,Philosophy,Physical Therapy,Phrenology,Philosophy
Which country has three capital cities?,South Africa,South Africa,Somalia,China
Which one of these countries borders with Poland?,Lithuania,Norway,France,Lithuania
Which European city has the highest mileage of canals in the world?,Birmingham,Berlin,Birmingham,Amsterdam
All of the following are towns/villages in the Pacific Island nation of Kiribati EXCEPT:,Urutora,Rungata,London,Washington
What is the longest river in Europe?,Volga,Volga,Thames,Rhine
Lake Titicaca is located between which two nations?,Peru and Bolivia,Peru and Bolivia,India and Bangladesh,Mexico and the United States
"Which of these American cities has fewer than 1,000,000 people?","San Francisco, California","Philadelphia, Pennsylvania","San Antonio, Texas","Phoenix, Arizona"
What is the capital of Greenland?,Nuuk,Sisimiut,Narsaq,Maniitsoq
What African country has Portuguese as its official language?,Mozambique,Togo,Gabon,Mozambique
What event led to Liechenstein adding a crown to its flag?,The 1936 Olympics,Coronation of Prince Johann I Joseph in 1805,The 1936 Olympics,Charles VI&#039;s decree in 1719
How many rivers are in Saudi Arabia?,0,0,3,2
Which English county will you find the University of East Anglia?,Norfolk,Norfolk,Cambridgeshire,Essex
What is the capital of Seychelles?,Victoria,Luanda,N&#039;Djamena,Victoria
What is the capital city of Slovenia?,Ljubljana,Trbovlje,Velenje,Maribor
In which English county is the city of Portsmouth?,Hampshire,Surrey,Buckinghamshire,Hampshire
How many states are in Australia?,6,5,8,6
Which Canadian province has Charlottetown as its capital?,Prince Edward Island,Saskachewan,Prince Edward Island,Northwest Terrirories
What is the northernmost human settlement with year round inhabitants?,"Alert, Canada","Nagurskoye, Russia","Alert, Canada","McMurdo Station, Antarctica"
Which of these countries is the smallest by population?,Norway,Finland,Slovakia,Hong Kong
How many independent countries are there within the continent of South America?,12,9,8,10
What is the official national language of Pakistan?,Urdu,Urdu,Pashto,Punjabi
The Principality of Sealand is an unrecognized micronation off the coast of what country?,The United Kingdom,The United Kingdom,Argentina,Austrailia
Which city is the capital of Switzerland?,Bern,Bern,Frankfurt,Z&uuml;rich
The World Health Organization headquarters is located in which European country?,Switzerland,Belgium,Switzerland,France
What is the largest Muslim country in the world?,Indonesia,Saudi Arabia,Pakistan,Iran
Which of the following is the longest river in Europe?,Volga,Volga,Dnieper,Danube
How many provinces are in the Netherlands?,12,13,12,10
What European country is not a part of the EU?,Norway,Norway,Czechia,Ireland
How many countries does Spain have a land border with?,5,4,3,5
Which state of the United States is the smallest?,Rhode Island,Vermont,Maine,Massachusetts
What is the name of the only remaining Grand Duchy in the world ?,Luxembourg,Liechtenstein,Montenegro,Luxembourg
On which continent is the country of Angola located?,Africa,South America,Africa,Europe
What city has the busiest airport in the world?,"Atlanta, Georgia USA","Atlanta, Georgia USA","London, England","Chicago,Illinois ISA"
Which of these countries is NOT located in Africa?,Suriname,Suriname,Burkina Faso,Mozambique
Which German city is located on the River Isar?,Munich,Munich,Berlin,Hamburg
What is the capital of Peru?,Lima,Santiago,Montevideo,Buenos Aires
"Which country inside the United Kingdom does NOT appear on its flag, the Union Jack?",Wales,Scotland,Wales,Ireland
How many countries are larger than Australia?,5,5,3,6
Which of the following is NOT a capital city?,Sydney,Cairo,Moscow,Beijing
Which of these countries is not a United Nations member state?,Niue,Niue,South Sudan,Tuvalu
The Pyrenees mountains are located on the border of which two countries?,France and Spain,France and Spain,Norway and Sweden,Russia and Ukraine
Which is the largest city in Morocco?,Casablanca,Fes,Rabat,Sale
Which two modern-day countries used to be known as the region of Rhodesia between the 1890s and 1980?,Zambia &amp; Zimbabwe,Togo &amp; Benin,Zambia &amp; Zimbabwe,Rwanda &amp; Burundi
Which of the following language families is the most controversial amongst modern linguists?,Altaic,Indo-European,Dravidian,Altaic
What is the capital of Chile?,Santiago,Santiago,Valpara&iacute;so,Copiap&oacute;
The historical city Timbuktu is located in which West African country?,Mali,Mali,Burkina Faso,Niger
Which of these Japanese islands is the largest by area?,Shikoku,Odaiba,Shikoku,Iki
Which of these is NOT a city in Saudi Arabia?,Dubai,Medina,Riyadh,Dubai
Where and when was the first cardboard box made for industrial use?,"England, 1817","England, 1917","England, 1817","United States, 1817"
What is the oldest US state?,Delaware,Rhode Island,Delaware,Maine
"When did O, Canada officially become the national anthem?",1980,1880,1980,1920
"The Tsar Bomba, the most powerful nuclear bomb ever tested, had a yield of 50 megatons but theoretically had a maximum yield of how much?",100 Megatons,200 Megatons,75 Megatons,150 Megatons
Which country gifted the Statue of Liberty to the United States of America?,France,Spain,France,England
In what year was the last natural case of smallpox documented?,1977,1977,1980,1982
What were the first states to break away from Yugoslavia?,"Slovenia, Croatia","Slovenia, Macedonia","Montenegro, Slovenia","Slovenia, Croatia"
What was the name of the chemical that was dropped on Vietnam during the Vietnam war?,Agent Orange,Agent Orange,Mustard Gas,Phosgene
Who was the Prime Minister of the United Kingdom for most of World War II?,Winston Churchill,Neville Chamberlain,Winston Churchill,Harold Macmillan
In what prison was Adolf Hitler held in 1924?,Landsberg Prison,Spandau Prison,Ebrach Abbey,Landsberg Prison
What year were the Marian Reforms instituted in the Roman Republic?,107 BCE,264 BCE,107 BCE,102 CE
In what year did the Berlin Wall fall?,1989,1987,1989,1991
When did the Crisis of the Third Century begin?,235 AD,242 AD,235 BC,210 AD
The seed drill was invented by which British inventor?,Jethro Tull,J.J Thomson,Isaac Newton,Jethro Tull
What year did Australia become a federation?,1901,1899,1910,1911
Who was the only US President to be elected four times?,Franklin Roosevelt,Abraham Lincoln,George Washington,Theodore Roosevelt
In which year did the First World War begin?,1914,1939,1914,1930
Which of these countries was NOT a part of the Soviet Union?,Afghanistan,Afghanistan,Kazakhstan,Turkmenistan
"When did the United States formally declare war on Japan, entering World War II?",8-Dec-41,1-Sep-39,8-Dec-41,6-Jun-44
"John Moses Browning, the designer of the M1918 BAR (Browning Automatic Rifle) was a part of which religion?",Mormon,Atheist,Jewish,Mormon
Which of the following Assyrian kings did NOT rule during the Neo-Assyrian Empire?,Shamshi-Adad III,Ashur-nasir-pal II,Esharhaddon,Shamshi-Adad III
The Thirty Years War ended with which treaty?,Peace of Westphalia,Peace of Westphalia,Peace of Prague,Treaty of Paris
When did Norway get its constitution?,1814,1932,1905,1814
The crown of the Empire State Building was originally built for what purpose?,Airship Dock,Airship Dock,Flag Pole,Antennae
Which Nation DID NOT have a Colony in Modern-day America?,Portugal,Spain,Sweden,Portugal
All of the following are names of the Seven Warring States EXCEPT:,Zhai (���),Qin (���),Qi (���),Zhao (���)
The creator of the Enigma Cypher and Machine was of what nationality?,German,German,British,American
Which of the following snipers has the highest amount of confirmed kills?,Simo H&auml;yh&auml;,Craig Harrison,Simo H&auml;yh&auml;,Vasily Zaytsev
Which of these founding fathers of the United States of America later became president?,James Monroe,Roger Sherman,James Monroe,Alexander Hamilton
Which of these countries was sea charted in 1500 by the Portuguese maritime explorations?,Brazil,Madagascar,India,Mozambique
"What Russian automatic gas-operated assault rifle was developed in the Soviet Union in 1947, and is still popularly used today?",AK-47,AK-47,MG 42,M16
The Herero genocide was perpetrated in Africa by which of the following colonial nations?,Germany,Britain,France,Belgium
"Which building was set aflame on August 24th, 1812?",The White House,The White House,Palace of the Nation,Parliament Building
What was the unofficial name for Germany between 1919 and 1933?,Weimar Republic,Weimar Republic,Oesterreich,Federal Republic of Germany
Who was the leader of the Communist Party of Yugoslavia ?,Josip Broz Tito,Aleskandar Petrovic,Josip Broz Tito,Milos Obilic
What is the mnemonic device for remembering the fates of the wives of Henry VIII?,"Divorced, Beheaded, Died, Divorced, Beheaded, Survived","Died, Beheaded, Divorced, Beheaded, Survived, Divorced","Beheaded, Died, Divorced, Divorced, Beheaded, Survived","Divorced, Beheaded, Died, Divorced, Beheaded, Survived"
The Korean War started in what year?,1950,1945,1960,1950
"Which American civilization is the source of the belief that the world would end or drastically change on December 21st, 2012?",The Mayans,The Navajos,The Aztecs,The Mayans
In what year did Kentucky become the 15th state to join the union?,1792,1782,1798,1792
What was the capital of South Vietnam before the Vietnam War?,Saigon,Saigon,Ho Chi Minh City,Hanoi
When was the United States National Security Agency established?,4-Nov-52,"November 25, 2002",4-Nov-52,"July 1, 1973"
"In World War I, what was the name of the alliance of Germany, Austria-Hungary, the Ottoman Empire, and Bulgaria?",The Central Powers,Authoritarian Alliance,The Federation of Empires,The Axis Powers
The Panama Canal was finished under the administration of which U.S. president?,Woodrow Wilson,Franklin Delano Roosevelt,Woodrow Wilson,Herbert Hoover
In what year did the First World War end?,1918,1918,1914,1916
Joseph Stalin had a criminal past doing what?,Robbing Trains,Murder for Hire,Tax Evasion,Identity Fraud
"On which aircraft carrier did the Doolitte Raid launch from on April 18, 1942 during World War II?",USS Hornet,USS Lexington,USS Hornet,USS Enterprise
In what year did Texas secede from Mexico?,1836,1845,1838,1836
What event marked the start of World War II?,Invasion of Poland (1939),Invasion of Poland (1939),Invasion of Russia (1942),Invasion of Normandy (1944)
Who tutored Alexander the Great?,Aristotle,King Philip,Socrates,Aristotle
"What was the transfer of disease, crops, and people across the Atlantic shortly after the discovery of the Americas called?",The Columbian Exchange,Triangle Trade,The Columbian Exchange,Transatlantic Slave Trade
How many times was Albert Einstein married in his lifetime?,Twice,Twice,Five,Once
Adolf Hitler was born on which date?,"April 20, 1889","June 12, 1889","April 16, 1889","February 6, 1889"
A minotaur is half human half what?,Bull,Eagle,Cow,Horse
"The Maori hold that which island nation was founded by Kupe, who discovered it under a long white cloud?",New Zealand,Vanuatu,Fiji,Hawaii
This Greek mythological figure is the god/goddess of battle strategy (among other things).,Athena,Apollo,Artemis,Ares
"In African mythology, Anansi is a trickster and storyteller who takes the shape of which animal?",Spider,Crocodile,Wild dog,Monkey
Hel was the daughter of which Norse Mythological figure?,Loki,Thor,Odin,Balder
Which president erased the national debt of the United States?,Andrew Jackson,Andrew Jackson,Ronald Reagan,John F. Kennedy
Who was elected leader of the UK Labour Party in September 2015?,Jeremy Corbyn,Jeremy Corbyn,Ed Miliband,David Cameron
Who developed the first successful polio vaccine in the 1950s?,Jonas Salk,Frederick Robbins,John F. Enders,Jonas Salk
What are human nails made of?,Keratin,Keratin,Calcium,Chitin
What is the name of the cognitive bias wherein a person with low ability in a particular skill mistake themselves as being superior?,Dunning-Kruger effect,Meyers-Briggs effect,Dunning-Kruger effect,M&uuml;ller-Lyer effect
Gannymede is the largest moon of which planet?,Jupiter,Jupiter,Neptune,Uranus
"In Chemistry, how many isomers does Butanol (C4H9OH) have?",4,3,5,4
Approximately how long is a year on Uranus?,84 Earth years,84 Earth years,47 Earth years,62 Earth years
The Sun consists of mostly which two elements?,Hydrogen &amp; Helium,Hydrogen &amp; Helium,Carbon &amp; Helium,Carbon &amp; Nitrogen
What stage of development do the majority of eukaryotic cells remain in for most of their life?,Interphase,Prophase,Interphase,Stasis
"What polymer is used to make CDs, safety goggles and riot shields?",Polycarbonate,Polycarbonate,Bakelite,Nylon
When was the first mammal successfully cloned?,1996,2009,1999,1996
What do you study if you are studying entomology?,Insects,Insects,the Brain,Humans
"In human biology, a circadium rhythm relates to a period of roughly how many hours?",24,24,32,16
Which part of the body does glaucoma affect?,Eyes,Blood,Eyes,Stomach
After which Danish city is the 72th element on the periodic table named?,Copenhagen,Copenhagen,Skagen,Herning
What part of the brain takes its name from the Greek for seahorse?,Hippocampus,Hippocampus,Amygdala,Thalamus
What is Hypernatremia?,Increase in blood sodium,Decrease in blood iron,Increase in blood glucose,Decrease in blood potassium
How old is the universe?,13.8 Billion Years,7.9 Billion Years,13.8 Billion Years,4.5 Billion Years
About how old is Earth?,4.5 Billion Years,4.5 Billion Years,5.5 Billion Years,2.5 Billion Years
"The humerus, paired radius, and ulna come together to form what joint?",Elbow,Elbow,Ankle,Sholder
Which of the following is NOT a passive electrical component?,Transistor,Resistor,Transistor,Capacitor
"To the nearest minute, how long does it take for light to travel from the Sun to the Earth?",8 Minutes,6 Minutes,2 Minutes,8 Minutes
What is the atomic number of the element Strontium?,38,38,73,47
Who made the discovery of X-rays?,Wilhelm Conrad R&ouml;ntgen,Albert Einstein,James Watt,Thomas Alva Edison
"Which color cannot be produced in Roses, even through genetic alteration?",Blue,Black,Blue,Orange
Which chemical element has the lowest boiling point?,Helium,Helium,Nitrogen,Neon
What is an alternative name for multiple personality disorder?,Dissociative identity disorder,Body integrity identity disorder,Dissociative identity disorder,Schizophrenia
Which of these is a type of stretch/deep tendon reflex?,Ankle jerk reflex,Scratch reflex,Pupillary light reflex,Ankle jerk reflex
What was the first living creature in space?,Fruit Flies,Dog,Mouse,Monkey
At what temperature does water boil?,212&deg;F,212&deg;F,200&deg;F,181&deg;F
Which of the following languages is used as a scripting language in the Unity 3D game engine?,C#,C#,Java,C++
Which of these programming languages is a low-level language?,Assembly,Python,C#,Pascal
What was the first Android version specifically optimized for tablets?,Honeycomb,Marshmellow,Froyo,Honeycomb
What was the first commerically available computer processor?,Intel 4004,AMD AM386,Intel 486SX,TMS 1000
How fast is USB 3.1 Gen 2 theoretically?,10 Gb/s,5 Gb/s,8 Gb/s,1 Gb/s
Which of these people was NOT a founder of Apple Inc?,Jonathan Ive,Ronald Wayne,Steve Jobs,Steve Wozniak
Whistler was the codename of this Microsoft Operating System.,Windows XP,Windows 95,Windows 7,Windows XP
"While Apple was formed in California, in which western state was Microsoft founded?",New Mexico,Arizona,Colorado,New Mexico
"In programming, what do you call functions with the same name but different implementations?",Overloading,Inheriting,Abstracting,Overloading
All of the following programs are classified as raster graphics editors EXCEPT:,Inkscape,Inkscape,Paint.NET,GIMP
Which one of these is not an official development name for a Ubuntu release?,Mystic Mansion,Trusty Tahr,Utopic Unicorn,Wily Werewolf
"The computer OEM manufacturer Clevo, known for its Sager notebook line, is based in which country?",Taiwan,United States,Germany,China (People&#039;s Republic of)
What does RAID stand for?,Redundant Array of Independent Disks,Rapid Access for Indexed Devices,Redundant Array of Independent Disks,Range of Applications with Identical Designs
Which coding language was the #1 programming language in terms of usage on GitHub in 2015?,JavaScript,C#,Python,JavaScript
Unix Time is defined as the number of seconds that have elapsed since when?,"Midnight, January 1, 1970","Midnight, July 4, 1976",Midnight on the creator of Unix&#039;s birthday,"Midnight, July 4, 1980"
Which programming language was developed by Sun Microsystems in 1995?,Java,C++,Solaris OS,Java
.at is the top-level domain for what country?,Austria,Argentina,Australia,Angola
"Generally, which component of a computer draws the most power?",Video Card,Video Card,Hard Drive,Power Supply
"In computing terms, typically what does CLI stand for?",Command Line Interface,Common Language Interface,Control Line Interface,Command Line Interface
Laserjet and inkjet printers are both examples of what type of printer?,Non-impact printer,Non-impact printer,Dot matrix printer,Daisywheel printer
The teapot often seen in many 3D modeling applications is called what?,Utah Teapot,Pixar Teapot,3D Teapot,Utah Teapot
What is the main CPU is the Sega Mega Drive / Sega Genesis?,Motorola 68000,Zilog Z80,Intel 8088,Yamaha YM2612
What is the correct term for the metal object in between the CPU and the CPU fan within a computer system?,Heat Sink,Heat Vent,Temperature Decipator,Heat Sink
"What is the most significant side venture the popular firearms company, Remington, has pursued?",Typewriters,Blenders,Typewriters,Ceiling Fans
Which company developed the Hololens?,Microsoft,HTC,Oculus,Tobii
Who patented a steam engine that produced continuous rotary motion?,James Watt,Alessandro Volta,Albert Einstein,James Watt
What are the base station trackers used for the HTC Vive called?,Lighthouse,Lighthouse,Motion,Constellation
Which of the following dice is not a platonic solid?,10-sided die,10-sided die,20-sided die,12-sided die
Which mathematician refused the Fields Medal?,Grigori Perelman,Andrew Wiles,Terence Tao,Grigori Perelman
What is the alphanumeric representation of the imaginary number?,i,x,n,i
What Greek letter is used to signify summation?,Sigma,Sigma,Omega,Alpha
"In the hexadecimal system, what number comes after 9?",The Letter A,The Letter A,16,10
How many zeros are there in a googol?,100,"1,000,000","1,000",100
What country hosted the 2014 Winter Olympics?,Russia,Russia,United States,Canada
What is the highest belt you can get in Taekwondo?,Black,Green,Red,White
In what sport does Fanny Chmelar compete for Germany?,Skiing,Swimming,Skiing,Gymnastics
How many scoring zones are there on a conventional dart board?,82,62,42,102
"In Formula 1, the Virtual Safety Car was introduced following the fatal crash of which driver?",Jules Bianchi,Ayrton Senna,Ronald Ratzenberger,Jules Bianchi
What is the oldest team in the NFL?,Arizona Cardinals,New York Giants,Arizona Cardinals,Green Bay Packers
Who was the top scorer of the 2014 FIFA World Cup?,James Rodr&iacute;guez,James Rodr&iacute;guez,Thomas M&uuml;ller,Lionel Messi
Josh Mansour is part of what NRL team?,Penrith Panthers,North Queensland Cowboys,Penrith Panthers,Sydney Roosters
What year was hockey legend Wayne Gretzky born?,1961,1965,1961,1959
Which country is hosting the 2022 FIFA World Cup?,Qatar,Uganda,Qatar,Vietnam
The F1 season of 1994 is remembered for what tragic event?,Death of Ayrton Senna (San Marino),The Showdown (Australia),Verstappen on Fire (Germany),Schumacher&#039;s Ban (Britain)
Which professional wrestler fell from the rafters to his death during a live Pay-Per-View event in 1999?,Owen Hart,Owen Hart,Al Snow,Lex Luger
Who won the 2018 Monaco Grand Prix?,Daniel Ricciardo,Sebastian Vettel,Kimi Raikkonen,Lewis Hamilton
Which of the following player scored a hat-trick during their Manchester United debut?,Wayne Rooney,David Beckham,Robin Van Persie,Wayne Rooney
Which team was the 2015-2016 NBA Champions?,Cleveland Cavaliers,Oklahoma City Thunders,Toronto Raptors,Golden State Warriors
Which car manufacturer won the 2017 24 Hours of Le Mans?,Porsche,Porsche,Toyota,Audi
Who was the British professional wrestler Shirley Crabtree better known as?,Big Daddy,Big Daddy,Giant Haystacks,Kendo Nagasaki
What is the oldest team in Major League Baseball?,Atlanta Braves,Atlanta Braves,St. Louis Cardinals,Cincinnati Reds
A stimpmeter measures the speed of a ball over what surface?,Golf Putting Green,Football Pitch,Cricket Outfield,Golf Putting Green
Which portuguese island is soccer player Cristiano Ronaldo from?,Madeira,Madeira,Terceira,Santa Maria
Which basketball team has attended the most NBA grand finals?,Los Angeles Lakers,Boston Celtics,Los Angeles Lakers,Philadelphia 76ers
Which of the following vehicles featured a full glass roof at base model?,Renault Avantime,Renault Avantime,Chevy Volt,Honda Odyssey
Which of the following is NOT a Russian car manufacturer?,BYD,Silant,BYD,Dragon
Which one of the following is not made by Ford?,Camry,Camry,Model A,Fusion
What nickname was given to Air Canada Flight 143 after it ran out of fuel and glided to safety in 1983?,Gimli Glider,Gimli Chaser,Gimli Glider,Gimli Superb
When was Cadillac founded?,1902,1964,1898,1902
When was Tesla founded?,2003,2003,2008,2007
Which of these car models are produced by Lamborghini?,Aventador,Huayra,918,Chiron